2457516.271316 0 -0.34301 0.022612
2457516.271349 0 -0.682042 0.0193864
2457516.271387 0 -0.782844 0.0188496
2457516.271426 0 -0.803127 0.0187379
2457516.271465 0 -0.805965 0.019354
2457516.271504 0 -0.806805 0.0184848
2457516.271543 0 -0.711318 0.0188
2457516.271581 0 -0.617916 0.01935
2457516.271620 0 -0.495416 0.0190139
2457516.271659 0 -0.446037 0.0198886
2457516.271698 0 -0.424263 0.020573
2457516.271736 0 -0.335669 0.0199826
2457516.271775 0 -0.306228 0.0194066
2457516.271814 0 -0.325353 0.0208233
2457516.271853 0 -0.309091 0.0207178
2457516.271892 0 -0.3091 0.0212374
2457516.271930 0 -0.278217 0.0214988
2457516.271969 0 -0.324815 0.0213838
2457516.272008 0 -0.505931 0.0203197
2457516.272047 0 -0.619087 0.0186456
2457516.272085 0 -0.764583 0.0188731
2457516.272124 0 -0.707038 0.0190562
2457516.272163 0 -0.587695 0.0189604
2457516.272202 0 -0.540818 0.0191515
2457516.272240 0 -0.484112 0.0198871
2457516.272279 0 -0.368113 0.020084
2457516.272318 0 -0.267873 0.0205013
2457516.272357 0 -0.231653 0.0217986
2457516.272396 0 -0.220957 0.0218733
2457516.272434 0 -0.148789 0.0212037
2457516.272473 0 -0.182802 0.0217852
2457516.272512 0 -0.201184 0.0223002
2457516.272551 0 -0.170762 0.0216915
2457516.272589 0 -0.197822 0.0217918
2457516.272667 0 -0.313398 0.020877
2457516.272706 0 -0.656423 0.0192833
2457516.272745 0 -0.954751 0.0178467
2457516.272783 0 -0.915432 0.0174509
2457516.272822 0 -0.867236 0.0166868
2457516.272861 0 -0.816131 0.0166899
2457516.272900 0 -0.74224 0.0167522
2457516.272938 0 -0.691577 0.0170669
2457516.272977 0 -0.548624 0.0164701
2457516.273016 0 -0.47652 0.0161575
2457516.273055 0 -0.437242 0.0161256
2457516.273093 0 -0.411666 0.0164895
2457516.273132 0 -0.389599 0.0161987
2457516.273171 0 -0.378218 0.0160983
2457516.273210 0 -0.302056 0.0165648
2457516.273249 0 -0.279764 0.016811
2457516.273287 0 -0.249118 0.0168988
2457516.273326 0 -0.273903 0.0165562
2457516.273365 0 -0.398798 0.0160122
2457516.273404 0 -0.482483 0.0163639
2457516.273442 0 -0.454092 0.0161518
2457516.273481 0 -0.478808 0.016411
2457516.273520 0 -0.483427 0.0165534
2457516.273559 0 -0.423522 0.0164485
2457516.273598 0 -0.377308 0.0171058
2457516.273636 0 -0.307886 0.0167449
2457516.273675 0 -0.313209 0.0168983
2457516.273714 0 -0.260386 0.0171727
2457516.273753 0 -0.194005 0.0173639
2457516.273791 0 -0.161483 0.0170628
2457516.273830 0 -0.22244 0.0175204
2457516.273869 0 -0.183326 0.0172965
2457516.273908 0 -0.270668 0.0252089
2457516.274005 0 -0.22215 0.0178567
2457516.274038 0 -0.346257 0.0168817
2457516.274076 0 -0.646668 0.0156456
2457516.274115 0 -0.770232 0.0157606
2457516.274154 0 -0.810452 0.0153244
2457516.274193 0 -0.842581 0.0155578
2457516.274232 0 -0.871714 0.0156867
2457516.274270 0 -0.805489 0.0153966
2457516.274309 0 -0.759919 0.0154149
2457516.274348 0 -0.685215 0.0155403
2457516.274387 0 -0.588528 0.0163765
2457516.274425 0 -0.571578 0.0158338
2457516.274464 0 -0.554033 0.0160755
2457516.274503 0 -0.486667 0.0160998
2457516.274542 0 -0.507559 0.0163569
2457516.274581 0 -0.429363 0.0164269
2457516.274619 0 -0.395401 0.0166272
2457516.274658 0 -0.396824 0.0167775
2457516.274697 0 -0.410906 0.0169626
2457516.274736 0 -0.463321 0.0169327
2457516.274774 0 -0.494103 0.0165456
2457516.274813 0 -0.467384 0.0162205
2457516.274852 0 -0.41144 0.0166764
2457516.274891 0 -0.365688 0.0166465
2457516.274929 0 -0.397496 0.0170549
2457516.274968 0 -0.282311 0.0172959
2457516.275007 0 -0.226272 0.0174278
2457516.275046 0 -0.193746 0.0174232
2457516.275085 0 -0.156759 0.017731
2457516.275123 0 -0.166434 0.0175599
2457516.275162 0 -0.178469 0.0176226
2457516.275201 0 -0.0887134 0.0179627
2457516.275240 0 -0.156866 0.017724
2457516.275278 0 -0.0979581 0.0176907
2457516.275317 0 -0.168807 0.0176483
2457516.275356 0 -0.246103 0.0171283
2457516.275395 0 -0.413637 0.0164739
2457516.275434 0 -0.568207 0.0162539
2457516.275472 0 -0.812582 0.0154586
2457516.275511 0 -0.898147 0.015598
2457516.275550 0 -0.90793 0.0153827
2457516.275589 0 -0.778525 0.0159131
2457516.275627 0 -0.68358 0.0158003
2457516.275666 0 -0.620429 0.0161954
2457516.275705 0 -0.557355 0.0164244
2457516.275744 0 -0.408651 0.0171331
2457516.275783 0 -0.471944 0.016596
2457516.275821 0 -0.374411 0.0169659
2457516.275860 0 -0.441172 0.0167341
2457516.275899 0 -0.337904 0.0168487
2457516.275938 0 -0.275128 0.0170552
2457516.275976 0 -0.226657 0.0171538
2457516.276015 0 -0.268023 0.0174071
2457516.276054 0 -0.344451 0.0168996
2457516.276093 0 -0.314769 0.0168269
2457516.276131 0 -0.343451 0.0168933
2457516.276170 0 -0.442494 0.016423
2457516.276209 0 -0.511366 0.0162678
2457516.276248 0 -0.470823 0.0163805
2457516.276287 0 -0.457237 0.0160755
2457516.276325 0 -0.410278 0.0167394
2457516.276364 0 -0.317263 0.0171556
2457516.276403 0 -0.222739 0.0174838
2457516.276442 0 -0.165556 0.0175501
2457516.276480 0 -0.156775 0.0171335
2457516.276519 0 -0.145165 0.0173063
2457516.276558 0 -0.103239 0.0178494
2457516.276597 0 -0.0988813 0.0177268
2457516.276636 0 -0.121068 0.0174398
2457516.276674 0 -0.16411 0.0176053
2457516.276713 0 -0.143896 0.0173151
2457516.276752 0 -0.259082 0.0171178
2457516.276791 0 -0.467844 0.0165237
2457516.276829 0 -0.63615 0.0158635
2457516.276868 0 -0.698031 0.01589
2457516.276907 0 -0.640621 0.0158011
2457516.276946 0 -0.682339 0.0159918
2457516.276985 0 -0.588183 0.0161066
2457516.277023 0 -0.54554 0.0162901
2457516.277062 0 -0.532811 0.0162814
2457516.277101 0 -0.511664 0.0166353
2457516.277140 0 -0.453292 0.0163771
2457516.277178 0 -0.37457 0.0168168
2457516.277217 0 -0.384245 0.0169386
2457516.277256 0 -0.377571 0.0171525
2457516.277295 0 -0.349025 0.0170946
2457516.277333 0 -0.272237 0.0173606
2457516.277372 0 -0.312377 0.0167305
2457516.277411 0 -0.28287 0.0174026
2457516.277450 0 -0.346088 0.0168378
2457516.277489 0 -0.50893 0.0164802
2457516.277527 0 -0.608214 0.0160114
2457516.277566 0 -0.454637 0.0167114
2457516.277605 0 -0.452648 0.0169688
2457516.277644 0 -0.432904 0.0165029
2457516.277682 0 -0.406038 0.0168421
2457516.277721 0 -0.402769 0.0166859
2457516.277760 0 -0.332046 0.017135
2457516.277799 0 -0.228982 0.0173771
2457516.277838 0 -0.173232 0.0170906
2457516.277876 0 -0.199047 0.017514
2457516.277915 0 -0.147053 0.0177024
2457516.277954 0 -0.187748 0.0173835
2457516.277993 0 -0.133375 0.0174882
2457516.278031 0 -0.182837 0.0175654
2457516.278070 0 -0.22204 0.0170239
2457516.278109 0 -0.295695 0.0169736
2457516.278148 0 -0.466528 0.0166387
2457516.278186 0 -0.614453 0.0159583
2457516.278225 0 -0.600584 0.0162446
2457516.278264 0 -0.587686 0.0159166
2457516.278303 0 -0.580385 0.0160609
2457516.278342 0 -0.557541 0.0157329
2457516.278380 0 -0.582401 0.0155943
2457516.278419 0 -0.526112 0.0158143
2457516.278458 0 -0.452499 0.0159461
2457516.278497 0 -0.479241 0.0162611
2457516.278535 0 -0.41982 0.0164266
2457516.278574 0 -0.371208 0.0164307
2457516.278613 0 -0.337196 0.0165056
2457516.278652 0 -0.363136 0.0167451
2457516.278691 0 -0.315082 0.0167241
2457516.278729 0 -0.248875 0.0169113
2457516.278768 0 -0.228422 0.0170611
2457516.278807 0 -0.310413 0.0167894
2457516.278846 0 -0.419474 0.0165072
2457516.278884 0 -0.400292 0.0162274
2457516.278923 0 -0.354699 0.01688
2457516.278962 0 -0.35018 0.016715
2457516.279001 0 -0.285564 0.0166892
2457516.279040 0 -0.275602 0.0167832
2457516.279078 0 -0.295184 0.0165351
2457516.279117 0 -0.254256 0.0169598
2457516.279156 0 -0.185958 0.0169319
2457516.279195 0 -0.217969 0.0169725
2457516.279233 0 -0.175776 0.0167376
2457516.279272 0 -0.198249 0.0170737
2457516.279311 0 -0.185753 0.0168938
2457516.279350 0 -0.148158 0.0173014
2457516.279388 0 -0.142253 0.0171721
2457516.279427 0 -0.202869 0.0170319
2457516.279466 0 -0.198346 0.0168389
2457516.279505 0 -0.319829 0.0164783
2457516.279544 0 -0.483656 0.0161131
2457516.279582 0 -0.537149 0.0157903
2457516.279621 0 -0.574304 0.0159538
2457516.279660 0 -0.519788 0.0159066
2457516.279699 0 -0.523616 0.0157012
2457516.279737 0 -0.50085 0.0157755
2457516.279776 0 -0.469975 0.0158614
2457516.279815 0 -0.403126 0.0162299
2457516.279854 0 -0.38962 0.0161788
2457516.279893 0 -0.434341 0.0166078
2457516.279931 0 -0.382465 0.0167716
2457516.279970 0 -0.39385 0.016253
2457516.280009 0 -0.366402 0.0171215
2457516.280048 0 -0.325468 0.0168546
2457516.280086 0 -0.259501 0.0168364
2457516.280125 0 -0.302915 0.0167385
2457516.280164 0 -0.313613 0.0168374
2457516.280203 0 -0.378213 0.0161958
2457516.280241 0 -0.472083 0.0164858
2457516.280280 0 -0.354107 0.0166597
2457516.280319 0 -0.392174 0.0163791
2457516.280358 0 -0.314415 0.0168377
2457516.280397 0 -0.312982 0.0166073
2457516.280435 0 -0.370648 0.0162792
2457516.280474 0 -0.331622 0.0166193
2457516.280513 0 -0.245753 0.0170573
2457516.280552 0 -0.2694 0.0167858
2457516.280590 0 -0.200559 0.0171862
2457516.280629 0 -0.210192 0.0167542
2457516.280668 0 -0.157059 0.017116
2457516.280707 0 -0.114443 0.0172324
2457516.280746 0 -0.18337 0.0169934
2457516.280784 0 -0.171343 0.0171639
2457516.280823 0 -0.222851 0.0168524
2457516.280862 0 -0.378483 0.0164345
2457516.280901 0 -0.342608 0.0162857
2457516.280939 0 -0.486455 0.0160333
2457516.280978 0 -0.546368 0.0161477
2457516.281017 0 -0.560687 0.0158156
2457516.281056 0 -0.587342 0.016165
2457516.281095 0 -0.632016 0.0161218
2457516.281133 0 -0.600251 0.0159504
2457516.281172 0 -0.611219 0.0160213
2457516.281211 0 -0.540309 0.0163353
2457516.281250 0 -0.503918 0.0166419
2457516.281288 0 -0.433425 0.0165567
2457516.281327 0 -0.428867 0.0168177
2457516.281366 0 -0.373564 0.0167637
2457516.281405 0 -0.345579 0.0172043
2457516.281443 0 -0.272551 0.0172257
2457516.281482 0 -0.268788 0.0165235
2457516.281521 0 -0.408889 0.0164212
2457516.281560 0 -0.519187 0.0165521
2457516.281599 0 -0.557492 0.0164379
2457516.281637 0 -0.428504 0.0166387
2457516.281676 0 -0.326843 0.01674
2457516.281715 0 -0.288408 0.0167674
2457516.281754 0 -0.349553 0.0166551
2457516.281792 0 -0.364235 0.0165351
2457516.281831 0 -0.297717 0.016809
2457516.281870 0 -0.204696 0.0172939
2457516.281909 0 -0.233168 0.0169576
2457516.281948 0 -0.161947 0.0172769
2457516.281986 0 -0.180124 0.0176076
2457516.282025 0 -0.198132 0.0174996
2457516.282064 0 -0.214415 0.0173967
2457516.282103 0 -0.184385 0.0176872
2457516.282141 0 -0.203689 0.0172594
2457516.282180 0 -0.165674 0.0175173
2457516.282219 0 -0.257462 0.0170984
2457516.282258 0 -0.379697 0.017071
2457516.282296 0 -0.450665 0.0164036
2457516.282335 0 -0.390287 0.0165067
2457516.282374 0 -0.472317 0.0162557
2457516.282413 0 -0.488839 0.0163812
2457516.282452 0 -0.49479 0.0162163
2457516.282490 0 -0.442611 0.0160255
2457516.282529 0 -0.490602 0.0163477
2457516.282568 0 -0.487144 0.0161017
2457516.282607 0 -0.460089 0.0163561
2457516.282645 0 -0.479958 0.0161057
2457516.282684 0 -0.396328 0.0163249
2457516.282723 0 -0.325753 0.0166524
2457516.282762 0 -0.299795 0.0165378
2457516.282801 0 -0.275005 0.0166768
2457516.282839 0 -0.205083 0.01708
2457516.282878 0 -0.251786 0.0168922
2457516.282917 0 -0.380482 0.0167798
2457516.282956 0 -0.402905 0.0168218
2457516.282994 0 -0.43153 0.0163316
2457516.283033 0 -0.423782 0.0165102
2457516.283072 0 -0.293351 0.0174896
2457516.284493 0 -0.298214 0.0215472
2457516.284531 0 -0.251665 0.0170828
2457516.284570 0 -0.212117 0.0172567
2457516.284609 0 -0.161056 0.0172238
2457516.284648 0 -0.114763 0.0179102
2457516.284687 0 -0.126963 0.0179067
2457516.284725 0 -0.0651937 0.0183071
2457516.284764 0 -0.106094 0.0181363
2457516.284803 0 -0.107687 0.017915
2457516.284842 0 -0.0734503 0.0178403
2457516.284880 0 -0.137815 0.0173358
2457516.284919 0 -0.113597 0.0176836
2457516.284958 0 -0.19926 0.0172342
2457516.284997 0 -0.256253 0.0174973
2457516.285035 0 -0.314088 0.0167551
2457516.285074 0 -0.328898 0.0171449
2457516.285113 0 -0.484261 0.0166035
2457516.285152 0 -0.489262 0.0163889
2457516.285191 0 -0.498973 0.0162998
2457516.285229 0 -0.553011 0.0160654
2457516.285268 0 -0.542636 0.016196
2457516.285307 0 -0.4956 0.0163873
2457516.285346 0 -0.470197 0.0163186
2457516.285384 0 -0.508625 0.0165624
2457516.285423 0 -0.436048 0.0166138
2457516.285462 0 -0.348997 0.0166114
2457516.285501 0 -0.335093 0.0167448
2457516.285540 0 -0.301098 0.0174804
2457516.285578 0 -0.330625 0.0167327
2457516.285617 0 -0.411349 0.016447
2457516.285656 0 -0.407046 0.0164952
2457516.285695 0 -0.411597 0.0166349
2457516.285733 0 -0.373539 0.0166825
2457516.285772 0 -0.326269 0.016737
2457516.285811 0 -0.254266 0.0172002
2457516.285850 0 -0.235967 0.0172584
2457516.285888 0 -0.232234 0.0169206
2457516.285927 0 -0.202633 0.0171683
2457516.285966 0 -0.0940323 0.017421
2457516.286005 0 -0.0743104 0.0182502
2457516.286044 0 -0.0589171 0.0179415
2457516.286082 0 -0.0422785 0.0184148
2457516.286121 0 -0.0348871 0.0179111
2457516.286160 0 -0.0279467 0.0185367
2457516.286199 0 -0.0839524 0.0177241
2457516.286237 0 -0.0179639 0.0183922
2457516.286276 0 -0.122019 0.018
2457516.286315 0 -0.22435 0.01727
2457516.286354 0 -0.329078 0.0172506
2457516.286393 0 -0.344315 0.0166825
2457516.286431 0 -0.442192 0.0163264
2457516.286470 0 -0.410323 0.0163516
2457516.286509 0 -0.433827 0.0168692
2457516.286548 0 -0.465676 0.0166895
2457516.286586 0 -0.435016 0.0167857
2457516.286625 0 -0.521358 0.0165419
2457516.286664 0 -0.516595 0.0166992
2457516.286703 0 -0.443167 0.016716
2457516.286742 0 -0.497117 0.0167079
2457516.286780 0 -0.460018 0.0168658
2457516.286819 0 -0.356574 0.0169496
2457516.286858 0 -0.342154 0.0170777
2457516.286897 0 -0.267074 0.017194
2457516.286935 0 -0.361576 0.0171153
2457516.286974 0 -0.283989 0.0170752
2457516.287013 0 -0.273267 0.0171234
2457516.287052 0 -0.251356 0.0171147
2457516.287090 0 -0.234837 0.0175107
2457516.287129 0 -0.254624 0.0171637
2457516.287168 0 -0.183594 0.0177169
2457516.287207 0 -0.19373 0.0174703
2457516.287246 0 -0.188059 0.0176552
2457516.287284 0 -0.207192 0.0175608
2457516.287323 0 -0.0274493 0.01859
2457516.287362 0 0.00297682 0.0187273
2457516.287401 0 -0.0982467 0.01853
2457516.287439 0 0.0104592 0.0187447
2457516.287478 0 0.00182992 0.0182858
2457516.287517 0 -0.0574805 0.0184622
2457516.287556 0 -0.0216835 0.0186057
2457516.287595 0 -0.0965206 0.0183591
2457516.287633 0 -0.173706 0.0180273
2457516.287672 0 -0.267709 0.0175895
2457516.287711 0 -0.41377 0.0171673
2457516.287750 0 -0.430548 0.0170863
2457516.287788 0 -0.495929 0.0164247
2457516.287827 0 -0.464885 0.0163628
2457516.287866 0 -0.468972 0.0166708
2457516.287905 0 -0.523207 0.0170184
2457516.287943 0 -0.535842 0.0160834
2457516.287982 0 -0.511462 0.0163569
2457516.288021 0 -0.513418 0.0167269
2457516.288060 0 -0.529519 0.0167705
2457516.288099 0 -0.486084 0.0166657
2457516.288137 0 -0.479259 0.0165824
2457516.288176 0 -0.447279 0.0165071
2457516.288215 0 -0.402481 0.0173053
2457516.288254 0 -0.313874 0.0174849
2457516.288292 0 -0.327544 0.0176063
2457516.288331 0 -0.336164 0.017123
2457516.288370 0 -0.336944 0.0174421
2457516.288409 0 -0.364909 0.0171729
2457516.288448 0 -0.310957 0.0172
2457516.288486 0 -0.296465 0.0174273
2457516.288525 0 -0.184203 0.0177956
2457516.288564 0 -0.230413 0.0181282
2457516.288603 0 -0.27517 0.0176297
2457516.288641 0 -0.19124 0.0179481
2457516.288680 0 -0.134518 0.0182269
2457516.288719 0 -0.112684 0.0183727
2457516.288758 0 -0.0866313 0.0182852
2457516.288797 0 -0.121379 0.018388
2457516.288835 0 -0.0903001 0.0183036
2457516.288874 0 -0.078917 0.0185225
2457516.288913 0 -0.0850472 0.0183092
2457516.288952 0 -0.148819 0.0179989
2457516.288990 0 -0.187915 0.0180234
2457516.289029 0 -0.185913 0.017953
2457516.289068 0 -0.279706 0.0177162
2457516.289107 0 -0.392112 0.017631
2457516.289145 0 -0.519679 0.0168042
2457516.289184 0 -0.474316 0.0171045
2457516.289223 0 -0.491267 0.0171467
2457516.289262 0 -0.563649 0.0164937
2457516.289301 0 -0.662401 0.0165494
2457516.289339 0 -0.648102 0.0163719
2457516.289378 0 -0.585356 0.0164448
2457516.289417 0 -0.547162 0.0167358
2457516.289456 0 -0.507238 0.0165115
2457516.289494 0 -0.48934 0.0160596
2457516.289533 0 -0.415656 0.0165094
2457516.289572 0 -0.476729 0.0170659
2457516.289611 0 -0.392042 0.0171031
2457516.289650 0 -0.351462 0.0174253
2457516.289688 0 -0.413931 0.0175254
2457516.289727 0 -0.491551 0.0169044
2457516.289766 0 -0.515034 0.0166572
2457516.289805 0 -0.442488 0.01694
2457516.289843 0 -0.358373 0.017424
2457516.289882 0 -0.215998 0.0179844
2457516.289921 0 -0.226949 0.0179005
2457516.289960 0 -0.183916 0.0177066
2457516.289999 0 -0.215831 0.0178839
2457516.290037 0 -0.228565 0.0178706
2457516.290076 0 -0.17623 0.0179914
2457516.290115 0 -0.116677 0.017761
2457516.290154 0 -0.0399294 0.0182831
2457516.290192 0 -0.0576041 0.0180087
2457516.290231 0 0.0140971 0.0187205
2457516.290270 0 -0.032739 0.0185045
2457516.290309 0 -0.0429727 0.0186337
2457516.290347 0 -0.0799675 0.0181498
2457516.290386 0 -0.0926315 0.0185554
2457516.290425 0 -0.100697 0.0178922
2457516.290464 0 -0.15154 0.017432
2457516.290503 0 -0.243684 0.0173311
2457516.290541 0 -0.309153 0.0171692
2457516.290580 0 -0.301854 0.0174652
2457516.290619 0 -0.34194 0.0169394
2457516.290658 0 -0.414934 0.0163955
2457516.290696 0 -0.465825 0.016641
2457516.290735 0 -0.539858 0.0165264
2457516.290774 0 -0.537961 0.0164761
2457516.290813 0 -0.520579 0.0163872
2457516.290852 0 -0.429367 0.0166733
2457516.290890 0 -0.456002 0.0168396
2457516.290929 0 -0.437552 0.0168047
2457516.290968 0 -0.415507 0.0170546
2457516.291007 0 -0.407804 0.017073
2457516.291045 0 -0.329994 0.0175888
2457516.291084 0 -0.40812 0.0166979
2457516.291123 0 -0.307415 0.0171432
2457516.291162 0 -0.332564 0.0171924
2457516.291200 0 -0.385643 0.0167331
2457516.291239 0 -0.273099 0.0172707
2457516.291278 0 -0.200643 0.0176429
2457516.291317 0 -0.180005 0.0177231
2457516.291356 0 -0.254496 0.0175968
2457516.291394 0 -0.186076 0.018155
2457516.291433 0 -0.19785 0.0181017
2457516.291472 0 -0.11662 0.0178733
2457516.291511 0 -0.0379675 0.0183374
2457516.291549 0 -0.0895456 0.0183872
2457516.291588 0 -0.0928349 0.0179396
2457516.291627 0 -0.0497609 0.0182148
2457516.291666 0 -0.0469249 0.01834
2457516.291705 0 -0.00972576 0.0183479
2457516.291743 0 -0.0833633 0.0178541
2457516.291782 0 -0.0259206 0.0186318
2457516.291821 0 -0.100773 0.0183585
2457516.291860 0 -0.148632 0.0176854
2457516.291898 0 -0.22938 0.0176119
2457516.291937 0 -0.305949 0.0176311
2457516.291976 0 -0.244985 0.0174604
2457516.292015 0 -0.335576 0.017285
2457516.292054 0 -0.34036 0.0171651
2457516.292092 0 -0.338747 0.0171965
2457516.292131 0 -0.369015 0.0166048
2457516.292170 0 -0.338461 0.017242
2457516.292209 0 -0.324524 0.0176568
2457516.292247 0 -0.22164 0.0176833
2457516.292286 0 -0.2585 0.0175565
2457516.292325 0 -0.253425 0.0178644
2457516.292364 0 -0.180436 0.0175882
2457516.292402 0 -0.154006 0.0176432
2457516.292441 0 -0.135427 0.0173625
2457516.292480 0 -0.18193 0.0173458
2457516.292519 0 -0.152378 0.0175419
2457516.292558 0 -0.220682 0.0175381
2457516.292596 0 -0.144527 0.0176981
2457516.292635 0 -0.143105 0.017688
2457516.292674 0 -0.242668 0.0172402
2457516.292713 0 -0.149472 0.0173354
2457516.292751 0 -0.21157 0.0174366
2457516.292790 0 -0.180385 0.0173332
2457516.292829 0 -0.0737202 0.0177509
2457516.292868 0 -0.0405153 0.017727
2457516.292907 0 -0.0311566 0.0180942
2457516.292945 0 -0.0601484 0.0181899
2457516.292984 0 -0.0105949 0.0183659
2457516.293023 0 0.0393514 0.0181511
2457516.293062 0 0.0145053 0.0183353
2457516.293100 0 -0.0500689 0.0180072
2457516.293139 0 -0.0110066 0.0179679
2457516.293178 0 0.0260473 0.0183705
2457516.293217 0 -0.0368535 0.018188
2457516.293255 0 -0.176264 0.0172316
2457516.293294 0 -0.145037 0.0176102
2457516.293333 0 -0.175002 0.0173053
2457516.293372 0 -0.218311 0.0173033
2457516.293411 0 -0.259407 0.0172481
2457516.293449 0 -0.337733 0.0170089
2457516.293488 0 -0.343076 0.0170522
2457516.293527 0 -0.309258 0.0167975
2457516.293566 0 -0.349293 0.0165337
2457516.293604 0 -0.315493 0.0165906
2457516.293643 0 -0.249952 0.0169112
2457516.293682 0 -0.275709 0.0169872
2457516.293721 0 -0.205738 0.0170788
2457516.293760 0 -0.183546 0.0176248
2457516.293798 0 -0.133578 0.017599
2457516.293837 0 -0.150021 0.0174616
2457516.293876 0 -0.225356 0.017124
2457516.293915 0 -0.210535 0.0177061
2457516.293953 0 -0.111177 0.0178846
2457516.293992 0 -0.0385953 0.0182593
2457516.294031 0 -0.0882811 0.0176582
2457516.294070 0 -0.0115234 0.018279
2457516.294109 0 -0.028153 0.0180528
2457516.294147 0 0.0379135 0.0182182
2457516.294186 0 0.064239 0.0185868
2457516.294225 0 0.0380327 0.0185899
2457516.294264 0 0.0863913 0.0186483
2457516.294302 0 0.0512611 0.0187434
2457516.294341 0 0.0785825 0.0182438
2457516.294380 0 0.1104 0.0188206
2457516.294419 0 0.0140003 0.0180239
2457516.294457 0 0.0457853 0.0183362
2457516.294496 0 0.0820184 0.0182811
2457516.294535 0 0.0975098 0.0181861
2457516.294574 0 0.0331591 0.0183768
2457516.294613 0 -0.043485 0.0177055
2457516.294651 0 -0.133063 0.0177144
2457516.294690 0 -0.148857 0.0178247
2457516.294729 0 -0.182713 0.0172251
2457516.294768 0 -0.130308 0.0178188
2457516.294806 0 -0.137748 0.0173254
2457516.294845 0 -0.164657 0.0170388
2457516.294884 0 -0.204981 0.0169864
2457516.294923 0 -0.200363 0.0172417
2457516.294962 0 -0.192038 0.0177808
2457516.295000 0 -0.175268 0.0172398
2457516.295039 0 -0.14313 0.0172862
2457516.295078 0 -0.0926415 0.0175571
2457516.295117 0 -0.0839202 0.0176969
2457516.295155 0 -0.0303292 0.0181761
2457516.295194 0 -0.147863 0.0176892
2457516.295233 0 -0.15832 0.0176121
2457516.295272 0 -0.130249 0.017386
2457516.295310 0 -0.1105 0.0173881
2457516.295349 0 -0.0631776 0.0176873
2457516.295388 0 -0.0422242 0.0181993
2457516.295427 0 -0.0218165 0.01808
2457516.295466 0 -0.0616872 0.0180555
2457516.295504 0 0.0649961 0.0185329
2457516.295543 0 0.112122 0.0187718
2457516.295582 0 0.0908928 0.0186649
2457516.295621 0 0.0968128 0.0182859
2457516.295659 0 0.119846 0.0189036
2457516.295698 0 0.209793 0.0194178
2457516.295737 0 0.153668 0.0191043
2457516.295776 0 0.157696 0.0191244
2457516.295815 0 0.0729872 0.0187489
2457516.295853 0 0.151644 0.0191388
2457516.295892 0 0.175268 0.0188159
2457516.295931 0 0.0467132 0.0184855
2457516.295970 0 0.0217077 0.0183339
2457516.296008 0 -0.0587783 0.0180774
2457516.296047 0 -0.187979 0.0180097
2457516.296086 0 -0.203208 0.0178509
2457516.296125 0 -0.259831 0.0173673
2457516.296164 0 -0.245833 0.0174898
2457516.296202 0 -0.23543 0.0174931
2457516.296241 0 -0.357357 0.0172698
2457516.296280 0 -0.302547 0.0170083
2457516.296319 0 -0.245179 0.0171995
2457516.296357 0 -0.21424 0.0178124
2457516.296396 0 -0.199139 0.0181002
2457516.296435 0 -0.152198 0.0179021
2457516.296474 0 -0.0887545 0.0180035
2457516.296512 0 -0.119805 0.0179589
2457516.296551 0 -0.10657 0.0180504
2457516.296590 0 -0.0895496 0.0178752
2457516.296629 0 -0.0353979 0.0186703
2457516.296668 0 0.0275798 0.0187821
2457516.296706 0 -0.00278135 0.0188636
2457516.296745 0 0.055939 0.0189349
2457516.296784 0 0.0677499 0.0189514
2457516.296823 0 0.09395 0.019266
2457516.296861 0 0.107823 0.0193547
2457516.296900 0 0.142989 0.0199097
2457516.296939 0 0.112335 0.0197093
2457516.296978 0 0.196105 0.0196741
2457516.297017 0 0.183937 0.0192653
2457516.297055 0 0.23239 0.0197506
2457516.297094 0 0.230542 0.019377
2457516.297133 0 0.268606 0.0191616
2457516.297172 0 0.169016 0.0188738
2457516.297210 0 0.215477 0.018938
2457516.297249 0 0.201527 0.0188684
2457516.297288 0 0.139497 0.0188406
2457516.297327 0 0.0850542 0.0189888
2457516.297366 0 -0.0294165 0.018204
2457516.297404 0 -0.0545924 0.0179722
2457516.297443 0 -0.0760175 0.0178896
2457516.297482 0 -0.14753 0.0180604
2457516.297521 0 -0.164142 0.0187843
2457516.297559 0 -0.254188 0.0182071
2457516.297598 0 -0.302504 0.0176644
2457516.297637 0 -0.37898 0.0174942
2457516.297676 0 -0.416018 0.0172688
2457516.297714 0 -0.356553 0.0174388
2457516.297753 0 -0.208966 0.0178043
2457516.297792 0 -0.0746774 0.0183103
2457516.297831 0 0.0115329 0.0184985
2457516.297870 0 0.0516402 0.0188558
2457516.297908 0 0.0180067 0.0187921
2457516.297947 0 0.0627241 0.0186933
2457516.297986 0 0.032736 0.0189911
2457516.298025 0 0.158931 0.0195907
2457516.298063 0 0.224901 0.0198965
2457516.298102 0 0.219794 0.0196514
2457516.298141 0 0.189553 0.0193283
2457516.298180 0 0.121445 0.0193408
2457516.298219 0 0.131803 0.0190418
2457516.298257 0 0.22458 0.0195685
2457516.298296 0 0.218629 0.0199838
2457516.298335 0 0.31012 0.0203649
2457516.298374 0 0.27997 0.0205215
2457516.298412 0 0.309344 0.0205604
2457516.298451 0 0.305183 0.0200778
2457516.298490 0 0.285174 0.0203756
2457516.298529 0 0.285801 0.0200296
2457516.298567 0 0.205116 0.01971
2457516.298606 0 0.212527 0.0193634
2457516.298645 0 0.119492 0.0188583
2457516.298684 0 0.0405623 0.0187745
2457516.298723 0 -0.0537402 0.018092
2457516.298761 0 -0.144476 0.0177489
2457516.298800 0 -0.165351 0.0178093
2457516.298839 0 -0.262381 0.0176399
2457516.298878 0 -0.272643 0.0174607
2457516.298916 0 -0.196749 0.01726
2457516.298955 0 -0.204735 0.0172271
2457516.298994 0 -0.327302 0.0178388
2457516.299033 0 -0.243861 0.0176103
2457516.299072 0 -0.233794 0.0177243
2457516.299110 0 -0.207623 0.0177917
2457516.299149 0 -0.179988 0.017825
2457516.299188 0 -0.0131304 0.0185305
2457516.299227 0 -0.00604049 0.0182512
2457516.299265 0 0.0389585 0.0180543
2457516.299304 0 0.111351 0.0190188
2457516.299343 0 0.0968627 0.0189132
2457516.299382 0 0.130657 0.0189743
2457516.299421 0 0.201067 0.0191889
2457516.299459 0 0.232788 0.019567
2457516.299498 0 0.211317 0.0193868
2457516.299537 0 0.163985 0.0190657
2457516.299576 0 0.140998 0.019206
2457516.299614 0 0.226646 0.0196082
2457516.299653 0 0.25428 0.0199115
2457516.299692 0 0.273622 0.0202681
2457516.299731 0 0.266137 0.0198541
2457516.299769 0 0.29569 0.0203034
2457516.299808 0 0.333749 0.0203424
2457516.299847 0 0.361934 0.0204587
2457516.299886 0 0.369496 0.0203065
2457516.299925 0 0.350064 0.0204696
2457516.299963 0 0.27397 0.0199168
2457516.300002 0 0.25921 0.0192123
2457516.300041 0 0.217219 0.0196793
2457516.300080 0 0.0908597 0.0184186
2457516.300118 0 0.0581303 0.0181724
2457516.300157 0 0.0123013 0.0184772
2457516.300196 0 -0.00669028 0.0180077
2457516.300235 0 -0.0752246 0.0179577
2457516.300274 0 -0.0976227 0.0180115
2457516.300312 0 -0.164316 0.0172495
2457516.300351 0 -0.153708 0.0176828
2457516.300390 0 -0.156721 0.0179151
2457516.300429 0 -0.11861 0.0176111
2457516.300467 0 -0.0997552 0.0178813
2457516.300506 0 -0.00729223 0.0178467
2457516.300545 0 0.0711158 0.0185768
2457516.300584 0 0.17957 0.0193
2457516.300622 0 0.167006 0.0191048
2457516.300661 0 0.163696 0.0188432
2457516.300700 0 0.189871 0.0193828
2457516.300739 0 0.236539 0.0196198
2457516.300778 0 0.304453 0.0200881
2457516.300816 0 0.350277 0.0201449
2457516.300855 0 0.358161 0.0201276
2457516.300894 0 0.284028 0.0202502
2457516.300933 0 0.264082 0.019527
2457516.300971 0 0.277874 0.019765
2457516.301010 0 0.342599 0.0201127
2457516.301049 0 0.45974 0.0203881
2457516.301088 0 0.46712 0.0210361
2457516.301127 0 0.461386 0.0214056
2457516.301165 0 0.499596 0.0225763
2457516.301204 0 0.499178 0.0221068
2457516.301243 0 0.447029 0.0213493
2457516.301282 0 0.475704 0.0208513
2457516.301320 0 0.465526 0.0210206
2457516.301359 0 0.392265 0.0209264
2457516.301398 0 0.350975 0.0203886
2457516.301437 0 0.304279 0.0201272
2457516.301476 0 0.168207 0.0193244
2457516.301514 0 0.135312 0.0192416
2457516.301553 0 0.0524364 0.0188938
2457516.301592 0 -0.0265247 0.018558
2457516.301631 0 -0.0668703 0.0181011
2457516.301669 0 -0.169819 0.0178405
2457516.301708 0 -0.226224 0.0172426
2457516.301747 0 -0.305901 0.0174244
2457516.301786 0 -0.250332 0.0174445
2457516.301824 0 -0.20224 0.017617
2457516.301863 0 -0.100243 0.0182361
2457516.301902 0 0.054051 0.0188095
2457516.301941 0 0.096636 0.0190667
2457516.301980 0 0.19427 0.0202137
2457516.302018 0 0.214069 0.0202922
2457516.302057 0 0.271764 0.0199688
2457516.302096 0 0.301391 0.0196897
2457516.302135 0 0.30696 0.0197856
2457516.302173 0 0.312993 0.020228
2457516.302212 0 0.329011 0.0205666
2457516.302251 0 0.331303 0.0200524
2457516.302290 0 0.332561 0.0203813
2457516.302329 0 0.353729 0.020428
2457516.302367 0 0.400455 0.0210009
2457516.302406 0 0.409327 0.0210683
2457516.302445 0 0.444995 0.0214962
2457516.302484 0 0.41185 0.0214388
2457516.302522 0 0.417815 0.0213218
2457516.302561 0 0.3913 0.0209049
2457516.302600 0 0.386604 0.021113
2457516.302639 0 0.329787 0.0201396
2457516.302677 0 0.393756 0.0210902
2457516.302716 0 0.328282 0.0213673
2457516.302755 0 0.304608 0.0204974
2457516.302794 0 0.271939 0.0197112
2457516.302833 0 0.182833 0.0196066
2457516.302871 0 0.185104 0.0191615
2457516.302910 0 0.0988017 0.0192866
2457516.302949 0 0.0457773 0.0189556
2457516.302988 0 -0.0382935 0.0185327
2457516.303026 0 -0.0901603 0.0182241
2457516.303065 0 -0.148316 0.0182794
2457516.303104 0 -0.22519 0.0176475
2457516.303143 0 -0.233894 0.0172438
2457516.303182 0 -0.122691 0.0181193
2457516.303220 0 -0.0454016 0.0179437
2457516.303259 0 0.0668108 0.0188319
2457516.303298 0 0.221772 0.0198172
2457516.303337 0 0.284136 0.020208
2457516.303375 0 0.357262 0.0203389
2457516.303414 0 0.365523 0.0208415
2457516.303453 0 0.380262 0.0207232
2457516.303492 0 0.320257 0.0211361
2457516.303531 0 0.364824 0.0209246
2457516.303569 0 0.41521 0.0210918
2457516.303608 0 0.365706 0.0204473
2457516.303647 0 0.244124 0.0200391
2457516.303686 0 0.328721 0.0206044
2457516.303724 0 0.415055 0.0213175
2457516.303763 0 0.45588 0.0206338
2457516.303802 0 0.437279 0.021308
2457516.303841 0 0.538255 0.0221256
2457516.303879 0 0.642571 0.0233954
2457516.303918 0 0.570691 0.0224853
2457516.303957 0 0.570423 0.0221906
2457516.303996 0 0.514557 0.0215901
2457516.304035 0 0.546267 0.0217354
2457516.304073 0 0.491685 0.0216465
2457516.304112 0 0.521286 0.0216192
2457516.304151 0 0.511056 0.0209218
2457516.304190 0 0.514662 0.0208677
2457516.304228 0 0.433734 0.0206004
2457516.304267 0 0.323342 0.0200972
2457516.304306 0 0.288568 0.0194115
2457516.304345 0 0.212489 0.0193797
2457516.304384 0 0.114922 0.0191104
2457516.304422 0 -0.0384099 0.0184622
2457516.304461 0 -0.131743 0.0182771
2457516.304500 0 -0.0371757 0.0181855
2457516.304539 0 0.0569146 0.0186663
2457516.304577 0 0.121113 0.0188854
2457516.304616 0 0.264682 0.019853
2457516.304655 0 0.348008 0.019994
2457516.304694 0 0.445885 0.0208398
2457516.304733 0 0.492611 0.0208857
2457516.304771 0 0.527341 0.0212363
2457516.304810 0 0.494479 0.0213238
2457516.304849 0 0.500422 0.021823
2457516.304888 0 0.481321 0.0215172
2457516.304926 0 0.599276 0.0223714
2457516.304965 0 0.623951 0.0225215
2457516.305004 0 0.580871 0.0227569
2457516.305043 0 0.516621 0.0217309
2457516.305081 0 0.538332 0.021917
2457516.305120 0 0.556413 0.022058
2457516.305159 0 0.633018 0.0228984
2457516.305198 0 0.604956 0.0232464
2457516.305237 0 0.691285 0.0229436
2457516.305275 0 0.702609 0.023039
2457516.305314 0 0.769701 0.0231117
2457516.305353 0 0.726959 0.0228055
2457516.305392 0 0.678716 0.022388
2457516.305430 0 0.787447 0.0235607
2457516.305469 0 0.792961 0.0233485
2457516.305508 0 0.661386 0.0220519
2457516.305547 0 0.655909 0.0225228
2457516.305586 0 0.538387 0.0221874
2457516.305624 0 0.483746 0.0208127
2457516.305663 0 0.418086 0.0206451
2457516.305702 0 0.32557 0.0197592
2457516.305741 0 0.171674 0.0191403
2457516.305779 0 -0.050439 0.0178072
2457516.305818 0 -0.127399 0.017775
2457516.305857 0 -0.0642721 0.0177175
2457516.305896 0 -0.242866 0.0171219
2457516.305934 0 -0.330616 0.0167092
2457516.305973 0 0.0802822 0.0182476
2457516.306012 0 0.264308 0.019961
2457516.306051 0 0.42784 0.0205452
2457516.306090 0 0.489791 0.0208347
2457516.306128 0 0.621456 0.0212964
2457516.306167 0 0.575704 0.0211687
2457516.306206 0 0.627862 0.0217255
2457516.306245 0 0.703694 0.0228708
2457516.306283 0 0.650494 0.0225054
2457516.306322 0 0.671711 0.0228827
2457516.306361 0 0.691203 0.0224088
2457516.306400 0 0.645286 0.0220897
2457516.306439 0 0.565199 0.0219023
2457516.306477 0 0.715766 0.022939
2457516.306516 0 0.732137 0.0232423
2457516.306555 0 0.743379 0.0231213
2457516.306594 0 0.797422 0.0239658
2457516.306632 0 0.81511 0.024245
2457516.306671 0 0.812136 0.023399
2457516.306710 0 0.748468 0.0226103
2457516.306749 0 0.757749 0.0230235
2457516.306788 0 0.758349 0.0230925
2457516.306826 0 0.837324 0.0235612
2457516.306865 0 0.763781 0.0228425
2457516.306904 0 0.668133 0.0218026
2457516.306943 0 0.6635 0.0221944
2457516.306981 0 0.639808 0.0219803
2457516.307020 0 0.54217 0.0215267
2457516.307059 0 0.470918 0.0209
2457516.307098 0 0.408862 0.0204661
2457516.307136 0 0.309366 0.0197896
2457516.307175 0 0.28673 0.0196938
2457516.307214 0 0.232539 0.0191166
2457516.307253 0 0.199833 0.0188979
2457516.307292 0 0.254103 0.0195986
2457516.307330 0 0.373023 0.021072
2457516.307369 0 0.468599 0.0212296
2457516.307408 0 0.50415 0.0216498
2457516.307447 0 0.579302 0.0217062
2457516.307485 0 0.635832 0.0225358
2457516.307524 0 0.634228 0.0220739
2457516.307563 0 0.658449 0.0225352
2457516.307602 0 0.697201 0.0230594
2457516.307641 0 0.712915 0.0228788
2457516.307679 0 0.741245 0.0235252
2457516.307718 0 0.799556 0.0241194
2457516.307757 0 0.749539 0.0238412
2457516.307796 0 0.692396 0.0235063
2457516.307834 0 0.752962 0.0235704
2457516.307873 0 0.610679 0.0225357
2457516.307912 0 0.659208 0.0224298
2457516.307951 0 0.657844 0.0234446
2457516.307989 0 0.715984 0.0228798
2457516.308028 0 0.756447 0.0240898
2457516.308067 0 0.829 0.0239799
2457516.308106 0 0.819319 0.0244391
2457516.308145 0 0.840385 0.0243086
2457516.308183 0 0.792376 0.0242696
2457516.308222 0 0.761567 0.0238084
2457516.308261 0 0.654486 0.0234617
2457516.308300 0 0.66985 0.0231029
2457516.308338 0 0.673341 0.0229524
2457516.308377 0 0.52991 0.0213778
2457516.308416 0 0.541699 0.0218072
2457516.308455 0 0.442277 0.0214229
2457516.308494 0 0.258304 0.0192826
2457516.308532 0 0.214503 0.0192159
2457516.308571 0 0.0616273 0.0185115
2457516.308610 0 -0.0377578 0.0184665
2457516.308649 0 0.0689479 0.0184396
2457516.308687 0 0.305685 0.0200446
2457516.308726 0 0.462222 0.0210287
2457516.308765 0 0.476013 0.0212898
2457516.308804 0 0.612565 0.0220685
2457516.308843 0 0.674567 0.0220234
2457516.308881 0 0.584773 0.0219461
2457516.308920 0 0.66158 0.0222324
2457516.308959 0 0.768028 0.0232627
2457516.308998 0 0.791621 0.0231041
2457516.309036 0 0.834808 0.0237439
2457516.309075 0 0.823043 0.0244761
2457516.309114 0 0.748734 0.0236621
2457516.309153 0 0.729273 0.0226506
2457516.309191 0 0.733261 0.0219049
2457516.309230 0 0.784075 0.0232488
2457516.309269 0 0.815817 0.0238092
2457516.309308 0 0.859776 0.024559
2457516.309347 0 0.953635 0.0250075
2457516.309385 0 0.861251 0.0243625
2457516.309424 0 0.891642 0.0245244
2457516.309463 0 0.896025 0.0249591
2457516.309502 0 0.948354 0.0249723
2457516.309540 0 0.955979 0.0254812
2457516.309579 0 0.843608 0.0250159
2457516.309618 0 0.785026 0.0245138
2457516.309657 0 0.720027 0.023101
2457516.309696 0 0.792711 0.0233888
2457516.309734 0 0.650935 0.0226748
2457516.309773 0 0.638779 0.0227681
2457516.309812 0 0.506826 0.0212934
2457516.309851 0 0.332316 0.0206048
2457516.309889 0 0.255446 0.0195634
2457516.309928 0 0.00825357 0.0186371
2457516.309967 0 -0.178921 0.0175008
2457516.310006 0 -0.0390898 0.0183368
2457516.310044 0 0.236638 0.0194886
2457516.310083 0 0.336762 0.0201548
2457516.310122 0 0.448643 0.020719
2457516.310161 0 0.585285 0.0216135
2457516.310200 0 0.67296 0.0223142
2457516.310238 0 0.737018 0.0229192
2457516.310277 0 0.758784 0.0235342
2457516.310316 0 0.785878 0.0235824
2457516.310355 0 0.856442 0.0242152
2457516.310393 0 0.87125 0.0242688
2457516.310432 0 0.831034 0.0243151
2457516.310471 0 0.800547 0.0235018
2457516.310510 0 0.713566 0.0232765
2457516.310549 0 0.774368 0.0235622
2457516.310587 0 0.838339 0.0244251
2457516.310626 0 0.787817 0.0239385
2457516.310665 0 0.734597 0.0237121
2457516.310704 0 0.908442 0.0250799
2457516.310742 0 0.916177 0.0251407
2457516.310781 0 0.957428 0.0253607
2457516.310820 0 0.94599 0.0255466
2457516.310859 0 0.966032 0.0259374
2457516.310898 0 0.959857 0.0262502
2457516.310936 0 0.973946 0.0260952
2457516.310975 0 0.907858 0.0256272
2457516.311014 0 0.80025 0.0239551
2457516.311053 0 0.714568 0.0224251
2457516.311091 0 0.709078 0.0226213
2457516.311130 0 0.543627 0.0215457
2457516.311169 0 0.435877 0.0208577
2457516.311208 0 0.360618 0.0202039
2457516.311246 0 0.2919 0.0194476
2457516.311285 0 0.0817866 0.0182438
2457516.311324 0 -0.0920252 0.0177371
2457516.311363 0 -0.00120558 0.0182777
2457516.311402 0 0.259299 0.0197307
2457516.311440 0 0.48087 0.021203
2457516.311479 0 0.567656 0.021903
2457516.311518 0 0.676365 0.0230369
2457516.311557 0 0.706704 0.0233561
2457516.311595 0 0.716227 0.0235464
2457516.311634 0 0.679637 0.0228222
2457516.311673 0 0.69438 0.022992
2457516.311712 0 0.789388 0.0237725
2457516.311751 0 0.842723 0.0238959
2457516.311789 0 0.849753 0.0239637
2457516.311828 0 0.689671 0.0224754
2457516.311867 0 0.593032 0.0216267
2457516.311906 0 0.589145 0.0223908
2457516.311944 0 0.733485 0.0234166
2457516.311983 0 0.853739 0.0251209
2457516.312022 0 1.02146 0.0257406
2457516.312061 0 1.01217 0.025712
2457516.312099 0 1.07237 0.0268931
2457516.312138 0 0.99264 0.0267555
2457516.312177 0 1.03131 0.0274981
2457516.312216 0 0.941957 0.0272234
2457516.312255 0 1.01107 0.0271196
2457516.312293 0 0.957263 0.0273443
2457516.312332 0 0.959765 0.0271193
2457516.312371 0 0.846993 0.02555
2457516.312410 0 0.80611 0.0239104
2457516.312448 0 0.749223 0.0225862
2457516.312487 0 0.615039 0.0216079
2457516.312526 0 0.489449 0.0213838
2457516.312565 0 0.318406 0.0204498
2457516.312604 0 0.201885 0.0195286
2457516.312642 0 0.0260295 0.0189765
2457516.312681 0 -0.0241328 0.0183447
2457516.312720 0 0.0926036 0.019057
2457516.312759 0 0.236649 0.0196405
2457516.312797 0 0.433011 0.0210933
2457516.312836 0 0.534821 0.0217677
2457516.312875 0 0.632979 0.0224963
2457516.312914 0 0.743413 0.0236278
2457516.312953 0 0.785726 0.0241502
2457516.312991 0 0.768989 0.0236935
2457516.313030 0 0.787023 0.0232129
2457516.313069 0 0.811471 0.0240984
2457516.313108 0 0.797408 0.024276
2457516.313146 0 0.800897 0.0241618
2457516.313185 0 0.810302 0.0236148
2457516.313224 0 0.71616 0.0224793
2457516.313263 0 0.658553 0.0223631
2457516.313301 0 0.783443 0.0238361
2457516.313340 0 0.894551 0.0242049
2457516.313379 0 0.887022 0.0250133
2457516.313418 0 0.945699 0.0254346
2457516.313457 0 0.984149 0.0256707
2457516.313495 0 1.02732 0.0261118
2457516.313534 0 1.01344 0.0259251
2457516.313573 0 1.02532 0.025997
2457516.313612 0 1.08573 0.02712
2457516.313650 0 1.05439 0.0268133
2457516.313689 0 1.04178 0.0261122
2457516.313728 0 0.955398 0.0251952
2457516.313767 0 0.816533 0.0242513
2457516.313806 0 0.710284 0.0230581
2457516.313844 0 0.625213 0.022087
2457516.313883 0 0.496661 0.021245
2457516.313922 0 0.440827 0.0206574
2457516.313961 0 0.288057 0.0196449
2457516.313999 0 0.00938867 0.018236
2457516.314038 0 -0.172874 0.0169879
2457516.314077 0 -0.0151399 0.017807
2457516.314116 0 0.201644 0.0189138
2457516.314155 0 0.331539 0.020259
2457516.314193 0 0.449549 0.0208891
2457516.314232 0 0.527615 0.0217619
2457516.314271 0 0.570212 0.0217704
2457516.314310 0 0.667338 0.0222952
2457516.314348 0 0.714937 0.0223342
2457516.314387 0 0.772989 0.0230942
2457516.314426 0 0.787117 0.0240408
2457516.314465 0 0.816363 0.0240418
2457516.314503 0 0.839411 0.024146
2457516.314542 0 0.779631 0.0237382
2457516.314581 0 0.742486 0.0223335
2457516.314620 0 0.745088 0.0233405
2457516.314659 0 0.827848 0.0244625
2457516.314697 0 0.789552 0.0230395
2457516.314736 0 0.753329 0.0227978
2457516.314775 0 0.888778 0.0245187
2457516.314814 0 0.921266 0.0247822
2457516.314852 0 0.858169 0.0242163
2457516.314891 0 0.819169 0.0238658
2457516.314930 0 0.794231 0.0237209
2457516.314969 0 0.758286 0.0234028
2457516.315008 0 0.748585 0.0238203
2457516.315046 0 0.750904 0.0238613
2457516.315085 0 0.706225 0.0234742
2457516.315124 0 0.730834 0.0226989
2457516.315163 0 0.655816 0.0227294
2457516.315201 0 0.553699 0.0219347
2457516.315240 0 0.46842 0.0208273
2457516.315279 0 0.419371 0.0208373
2457516.315318 0 0.314664 0.0201483
2457516.315356 0 0.077964 0.0188039
2457516.315395 0 -0.0721395 0.0177767
2457516.315434 0 0.0200364 0.0183465
2457516.315473 0 0.107719 0.0187886
2457516.315512 0 0.23313 0.0198595
2457516.315550 0 0.29293 0.020451
2457516.315589 0 0.445676 0.0209368
2457516.315628 0 0.540155 0.022041
2457516.315667 0 0.680427 0.0232355
2457516.315705 0 0.730979 0.0242861
2457516.315744 0 0.790814 0.0246573
2457516.315783 0 0.770412 0.024794
2457516.315822 0 0.821917 0.0232569
2457516.315861 0 0.799089 0.0232281
2457516.315899 0 0.815734 0.023305
2457516.315938 0 0.753346 0.0232545
2457516.315977 0 0.691244 0.0223681
2457516.316016 0 0.720741 0.0228074
2457516.316054 0 0.699426 0.0221107
2457516.316093 0 0.745487 0.0234444
2457516.316132 0 0.859465 0.0243688
2457516.316171 0 0.859766 0.0242034
2457516.316210 0 0.832047 0.0249791
2457516.316248 0 0.91993 0.0257294
2457516.316287 0 0.907688 0.0252886
2457516.316326 0 0.87909 0.0254829
2457516.316365 0 0.92079 0.0245051
2457516.316403 0 0.872118 0.0244892
2457516.316442 0 0.800785 0.0243914
2457516.316481 0 0.765349 0.0231771
2457516.316520 0 0.601652 0.0222064
2457516.316558 0 0.560812 0.0213966
2457516.316597 0 0.411413 0.0207319
2457516.316636 0 0.382741 0.0204292
2457516.316675 0 0.231472 0.0195087
2457516.316714 0 0.0794922 0.0193146
2457516.316752 0 -0.0747271 0.0189312
2457516.316791 0 0.0783479 0.0190589
2457516.316830 0 0.199144 0.0195598
2457516.316869 0 0.377671 0.0205535
2457516.316907 0 0.500584 0.0216946
2457516.316946 0 0.612611 0.022087
2457516.316985 0 0.698539 0.0234475
2457516.317024 0 0.777387 0.0244095
2457516.317063 0 0.837099 0.0254004
2457516.317101 0 0.900758 0.025396
2457516.317140 0 0.943939 0.0255103
2457516.317179 0 1.02912 0.0261448
2457516.317218 0 1.04433 0.0264718
2457516.317256 0 0.993629 0.0256736
2457516.317295 0 0.953094 0.0251033
2457516.317334 0 0.761716 0.0240254
2457516.317373 0 0.857143 0.0245127
2457516.317411 0 0.894316 0.0255762
2457516.317450 0 0.901849 0.0254559
2457516.317489 0 1.00337 0.0261745
2457516.317528 0 1.10331 0.027317
2457516.317567 0 1.09696 0.0285364
2457516.317605 0 1.21123 0.0295401
2457516.317644 0 1.14979 0.0288233
2457516.317683 0 1.19763 0.028645
2457516.317722 0 1.17283 0.0278215
2457516.317760 0 1.12373 0.0277568
2457516.317799 0 1.04775 0.0263453
2457516.317838 0 0.967564 0.0255546
2457516.317877 0 0.852871 0.025114
2457516.317916 0 0.9034 0.0250235
2457516.317954 0 0.702165 0.0234439
2457516.317993 0 0.56345 0.0224081
2457516.318032 0 0.235359 0.0194992
2457516.318071 0 -0.115274 0.0178784
2457516.318109 0 -0.213635 0.0176203
2457516.318148 0 -0.0775299 0.0183405
2457516.318187 0 0.14331 0.0193108
2457516.318226 0 0.360948 0.0207929
2457516.318265 0 0.480824 0.0213173
2457516.318303 0 0.614785 0.022644
2457516.318342 0 0.713118 0.023371
2457516.318381 0 0.883437 0.0245789
2457516.318420 0 0.897443 0.0245483
2457516.318458 0 0.928517 0.0251787
2457516.318497 0 0.990994 0.0265157
2457516.318536 0 0.986697 0.026076
2457516.318575 0 0.99196 0.0258461
2457516.318613 0 0.881555 0.0246174
2457516.318652 0 0.758316 0.0234979
2457516.318691 0 0.633841 0.0223798
2457516.318730 0 0.635187 0.0226947
2457516.318769 0 0.738744 0.0235264
2457516.318807 0 0.740523 0.0236757
2457516.318846 0 0.961527 0.0255366
2457516.318885 0 1.10745 0.0273049
2457516.318924 0 1.15 0.0270119
2457516.318962 0 1.14177 0.0283219
2457516.319001 0 1.19527 0.0283362
2457516.319040 0 1.12788 0.0275466
2457516.319079 0 1.21127 0.0282503
2457516.319118 0 1.16672 0.0273519
2457516.319156 0 1.08565 0.0273111
2457516.319195 0 1.02174 0.0263188
2457516.319234 0 0.978803 0.0254732
2457516.319273 0 0.863803 0.0249804
2457516.319311 0 0.712272 0.0236727
2457516.319350 0 0.678596 0.022776
2457516.319389 0 0.583286 0.0220358
2457516.319428 0 0.465137 0.0212019
2457516.319466 0 0.180156 0.0193978
2457516.319505 0 -0.0662964 0.018391
2457516.319544 0 0.0659613 0.0186525
2457516.319583 0 0.37446 0.020257
2457516.319622 0 0.485872 0.0211022
2457516.319660 0 0.586222 0.0223632
2457516.319699 0 0.768213 0.0234595
2457516.319738 0 0.86987 0.0251493
2457516.319777 0 0.899569 0.0252445
2457516.319815 0 0.96292 0.0257879
2457516.319854 0 0.958415 0.0245569
2457516.319893 0 1.0762 0.0265139
2457516.319932 0 1.04611 0.0269241
2457516.319971 0 0.991059 0.025887
2457516.320009 0 0.864908 0.0243426
2457516.320048 0 0.641776 0.0223778
2457516.320087 0 0.508758 0.0213952
2457516.320126 0 0.664129 0.0226073
2457516.320164 0 0.766019 0.0238839
2457516.320203 0 0.891966 0.0247977
2457516.320242 0 0.977784 0.0261507
2457516.320281 0 1.07618 0.0266536
2457516.320320 0 1.15389 0.027485
2457516.320358 0 1.20016 0.0287269
2457516.320397 0 1.1878 0.0285571
2457516.320436 0 1.17013 0.0287805
2457516.320475 0 1.16312 0.0284786
2457516.320513 0 1.11084 0.0279995
2457516.320552 0 1.07757 0.0272166
2457516.320591 0 1.05005 0.0266142
2457516.320630 0 0.899778 0.0254143
2457516.320668 0 0.694555 0.0231019
2457516.320707 0 0.472963 0.0213413
2457516.320746 0 0.38148 0.0205177
2457516.320785 0 0.175657 0.0193106
2457516.320824 0 0.0390868 0.0187282
2457516.320862 0 -0.0531935 0.0182049
2457516.320901 0 0.160954 0.0198545
2457516.320940 0 0.378141 0.0206856
2457516.320979 0 0.449216 0.021406
2457516.321017 0 0.548368 0.0220178
2457516.321056 0 0.726814 0.0232908
2457516.321095 0 0.771238 0.0233845
2457516.321134 0 0.861335 0.024665
2457516.321173 0 0.828465 0.024944
2457516.321211 0 0.85259 0.025022
2457516.321250 0 0.886528 0.0248322
2457516.321289 0 0.967561 0.0259958
2457516.321328 0 0.974004 0.0261702
2457516.321366 0 0.90255 0.0254632
2457516.321405 0 0.785809 0.0237067
2457516.321444 0 0.676112 0.0227892
2457516.321483 0 0.716616 0.0233942
2457516.321522 0 0.881032 0.0256996
2457516.321560 0 0.935079 0.0262896
2457516.321599 0 0.919361 0.025534
2457516.321638 0 1.07076 0.0273868
2457516.321677 0 1.05509 0.0264449
2457516.321715 0 1.10182 0.0268491
2457516.321754 0 1.14652 0.02719
2457516.321793 0 1.0634 0.0267971
2457516.321832 0 0.997464 0.02597
2457516.321870 0 1.0235 0.0266516
2457516.321909 0 0.972331 0.0253439
2457516.321948 0 0.820328 0.0238147
2457516.321987 0 0.703679 0.0231324
2457516.322026 0 0.556632 0.0214647
2457516.322064 0 0.45365 0.0212582
2457516.322103 0 0.293683 0.0198662
2457516.322142 0 0.136203 0.0191486
2457516.322181 0 -0.077537 0.0180089
2457516.322219 0 -0.0598957 0.0181354
2457516.322258 0 0.0244204 0.0185894
2457516.322297 0 0.0702085 0.0188877
2457516.322336 0 0.16011 0.0193327
2457516.322375 0 0.325516 0.0201091
2457516.322413 0 0.426112 0.0210456
2457516.322452 0 0.517808 0.0214116
2457516.322491 0 0.625373 0.0229868
2457516.322530 0 0.747668 0.0231352
2457516.322568 0 0.757489 0.023687
2457516.322607 0 0.820504 0.0249023
2457516.322646 0 0.853012 0.0249834
2457516.322685 0 0.891141 0.0251197
2457516.322723 0 0.800538 0.0245551
2457516.322762 0 0.729126 0.0240255
2457516.322801 0 0.554752 0.022161
2457516.322840 0 0.561547 0.022275
2457516.322879 0 0.704786 0.0230355
2457516.322917 0 0.815785 0.0241265
2457516.322956 0 0.937833 0.0251372
2457516.322995 0 0.894606 0.0255989
2457516.323034 0 1.03413 0.0265041
2457516.323072 0 1.06302 0.0265455
2457516.323111 0 1.09479 0.0267168
2457516.323150 0 1.03176 0.0262912
2457516.323189 0 1.04015 0.0266152
2457516.323228 0 0.990002 0.0256278
2457516.323266 0 0.835349 0.0247055
2457516.323305 0 0.761786 0.0237224
2457516.323344 0 0.556689 0.0219234
2457516.323383 0 0.405442 0.0206778
2457516.323421 0 0.278087 0.0201126
2457516.323460 0 0.182451 0.0199807
2457516.323499 0 0.0808002 0.0194337
2457516.323538 0 0.0227162 0.0184459
2457516.323577 0 -0.0418199 0.0184052
2457516.323615 0 0.0360566 0.01898
2457516.323654 0 0.207234 0.0196069
2457516.323693 0 0.308377 0.0203667
2457516.323732 0 0.440404 0.0211144
2457516.323770 0 0.591722 0.0222077
2457516.323809 0 0.729315 0.0227572
2457516.323848 0 0.795297 0.0235132
2457516.323887 0 0.875918 0.0245863
2457516.323925 0 0.858442 0.0243613
2457516.323964 0 0.924538 0.0248664
2457516.324003 0 0.907976 0.024753
2457516.324042 0 0.886879 0.0246999
2457516.324081 0 0.815423 0.0236205
2457516.324119 0 0.769798 0.0232458
2457516.324158 0 0.613527 0.0225755
2457516.324197 0 0.609205 0.0227399
2457516.324236 0 0.783517 0.0238851
2457516.324274 0 0.91971 0.0254746
2457516.324313 0 0.966188 0.0257706
2457516.324352 0 0.976833 0.0258819
2457516.324391 0 1.0448 0.027033
2457516.324430 0 1.19735 0.0290896
2457516.324468 0 1.15737 0.0277301
2457516.324507 0 1.11193 0.0278995
2457516.324546 0 1.12633 0.0277613
2457516.324585 0 1.07396 0.0271477
2457516.324623 0 0.970631 0.0258078
2457516.324662 0 0.916518 0.0257277
2457516.324701 0 0.912915 0.0251649
2457516.324740 0 0.731618 0.0232685
2457516.324778 0 0.580905 0.0221754
2457516.324817 0 0.354218 0.0208141
2457516.324856 0 0.306423 0.0203779
2457516.324895 0 0.0903286 0.0190573
2457516.324934 0 -0.0166849 0.0187319
2457516.324972 0 0.00124062 0.0187804
2457516.325011 0 0.200513 0.0193367
2457516.325050 0 0.300143 0.0197395
2457516.325089 0 0.421329 0.0213983
2457516.325127 0 0.620529 0.0231271
2457516.325166 0 0.677064 0.0234155
2457516.325205 0 0.77363 0.0245862
2457516.325244 0 0.78668 0.0244625
2457516.325283 0 0.904926 0.0256501
2457516.325321 0 0.959006 0.0261401
2457516.325360 0 0.955565 0.0253027
2457516.325399 0 1.01217 0.0256636
2457516.325438 0 0.896679 0.0242296
2457516.325476 0 0.780244 0.0235649
2457516.325515 0 0.662037 0.0226723
2457516.325554 0 0.700818 0.0231135
2457516.325593 0 0.804783 0.0237741
2457516.325632 0 1.05754 0.0263536
2457516.325670 0 1.03806 0.0266213
2457516.325709 0 1.00872 0.026205
2457516.325748 0 1.07691 0.0279765
2457516.325787 0 1.19601 0.0292193
2457516.325825 0 1.13378 0.0285916
2457516.325864 0 1.25743 0.0300825
2457516.325903 0 1.22837 0.0295328
2457516.325942 0 1.14452 0.0292089
2457516.325980 0 1.18478 0.028978
2457516.326019 0 1.05435 0.0272322
2457516.326058 0 1.0093 0.0266778
2457516.326097 0 0.906591 0.0251179
2457516.326136 0 0.720107 0.0230309
2457516.326174 0 0.55157 0.0221776
2457516.326213 0 0.424477 0.0213879
2457516.326252 0 0.25445 0.0205934
2457516.326291 0 0.230292 0.0200945
2457516.326329 0 0.148505 0.019572
2457516.326368 0 0.183874 0.019905
2457516.326407 0 0.297999 0.020498
2457516.326446 0 0.385525 0.0213716
2457516.326485 0 0.615443 0.0236184
2457516.326523 0 0.787443 0.0251075
2457516.326562 0 0.849929 0.0247048
2457516.326601 0 0.921606 0.0260285
2457516.326640 0 0.986506 0.0254139
2457516.326678 0 0.970111 0.0256904
2457516.326717 0 1.0191 0.0259199
2457516.326756 0 1.03191 0.0259173
2457516.326795 0 0.95857 0.0253752
2457516.326833 0 0.82755 0.0243508
2457516.326872 0 0.726081 0.0233883
2457516.326911 0 0.716818 0.0231489
2457516.326950 0 0.711385 0.0232837
2457516.326989 0 0.901613 0.025549
2457516.327027 0 0.975529 0.0270542
2457516.327066 0 1.04658 0.0273788
2457516.327105 0 1.15753 0.0282135
2457516.327144 0 1.1721 0.0282974
2457516.327182 0 1.21288 0.0288607
2457516.327221 0 1.23668 0.0299285
2457516.327260 0 1.25735 0.0298797
2457516.327299 0 1.25637 0.0290161
2457516.327338 0 1.18333 0.0285321
2457516.327376 0 1.16771 0.0286696
2457516.327415 0 1.02393 0.0274454
2457516.327454 0 0.855363 0.025651
2457516.327493 0 0.66666 0.0225658
2457516.327531 0 0.59771 0.0223947
2457516.327570 0 0.588898 0.0218937
2457516.327609 0 0.284035 0.019836
2457516.327648 0 0.0992037 0.0195961
2457516.327687 0 0.126231 0.019543
2457516.327725 0 0.200162 0.0200868
2457516.327764 0 0.289629 0.0201095
2457516.327803 0 0.368551 0.0207958
2457516.327842 0 0.557884 0.021548
2457516.327880 0 0.680572 0.0231806
2457516.327919 0 0.86445 0.0247891
2457516.327958 0 0.944983 0.0260817
2457516.327997 0 0.968385 0.0267646
2457516.328035 0 1.00815 0.0264698
2457516.328074 0 1.08888 0.0279186
2457516.328113 0 1.11048 0.0284742
2457516.328152 0 1.08913 0.0271751
2457516.328191 0 1.07934 0.0277718
2457516.328229 0 0.905225 0.0253119
2457516.328268 0 0.76422 0.0243963
2457516.328307 0 0.68745 0.0236161
2457516.328346 0 0.708669 0.0229854
2457516.328384 0 0.856842 0.0243716
2457516.328423 0 1.0865 0.0271584
2457516.328462 0 1.17182 0.0289549
2457516.328501 0 1.28323 0.030695
2457516.328540 0 1.26948 0.0306273
2457516.328578 0 1.21042 0.0298626
2457516.328617 0 1.32983 0.0311596
2457516.328656 0 1.26607 0.0309452
2457516.328695 0 1.20054 0.0294742
2457516.328733 0 1.15994 0.0285176
2457516.328772 0 1.06974 0.0283898
2457516.328811 0 0.900995 0.0255574
2457516.328850 0 0.633105 0.0231368
2457516.328889 0 0.538279 0.0225776
2457516.328927 0 0.49225 0.0216121
2457516.328966 0 0.421493 0.0212157
2457516.329005 0 0.306847 0.0201231
2457516.329044 0 0.221266 0.0198288
2457516.329082 0 0.301589 0.0206477
2457516.329121 0 0.410146 0.0207997
2457516.329160 0 0.51027 0.0223946
2457516.329199 0 0.703291 0.0239613
2457516.329237 0 0.824548 0.0249525
2457516.329276 0 0.946026 0.0259394
2457516.329315 0 1.03203 0.0277102
2457516.329354 0 1.11127 0.0280106
2457516.329393 0 1.08547 0.0278992
2457516.329431 0 1.11829 0.028436
2457516.329470 0 1.11807 0.0287186
2457516.329509 0 1.18119 0.0290487
2457516.329548 0 1.01418 0.0270778
2457516.329586 0 0.929411 0.0252089
2457516.329625 0 0.78011 0.0242636
2457516.329664 0 0.724307 0.0237047
2457516.329703 0 0.897483 0.0250223
2457516.329742 0 1.07325 0.0268479
2457516.329780 0 1.15266 0.028064
2457516.329819 0 1.23891 0.0283685
2457516.329858 0 1.25398 0.0295425
2457516.329897 0 1.26399 0.0306747
2457516.329935 0 1.40548 0.0323971
2457516.329974 0 1.39411 0.0321896
2457516.330013 0 1.49032 0.0333613
2457516.330052 0 1.49032 0.032647
2457516.330090 0 1.3106 0.0317862
2457516.330129 0 1.23903 0.0308321
2457516.330168 0 1.15153 0.0284736
2457516.330207 0 0.924251 0.0262466
2457516.330246 0 0.7651 0.0250857
2457516.330284 0 0.713945 0.0238328
2457516.330323 0 0.54159 0.0222447
2457516.330362 0 0.304366 0.0203909
2457516.330401 0 0.152401 0.0194042
2457516.330439 0 0.105135 0.018972
2457516.330478 0 0.200154 0.0198053
2457516.330517 0 0.413449 0.0214543
2457516.330556 0 0.601752 0.0229673
2457516.330595 0 0.773653 0.0244644
2457516.330633 0 0.914996 0.0261075
2457516.330672 0 0.991809 0.0265705
2457516.330711 0 1.05349 0.0281106
2457516.330750 0 1.05334 0.0280064
2457516.330788 0 1.24669 0.0306186
2457516.330827 0 1.13163 0.0300464
2457516.330866 0 1.11634 0.0293021
2457516.330905 0 1.01298 0.0290257
2457516.330944 0 0.821272 0.0261919
2457516.330982 0 0.722922 0.0250154
2457516.331021 0 0.699643 0.0249038
2457516.331060 0 0.709704 0.0247031
2457516.331099 0 1.02133 0.0278921
2457516.331137 0 1.14622 0.0285963
2457516.331176 0 1.25066 0.0314712
2457516.331215 0 1.31463 0.0319044
2457516.331254 0 1.40228 0.0337898
2457516.331292 0 1.47812 0.0349784
2457516.331331 0 1.45491 0.0354378
2457516.331370 0 1.39638 0.0349675
2457516.331409 0 1.42026 0.0347388
2457516.331448 0 1.33721 0.0346515
2457516.331486 0 1.28867 0.0316455
2457516.331525 0 1.0824 0.0291998
2457516.331564 0 0.976003 0.0283781
2457516.331603 0 0.832964 0.025838
2457516.331641 0 0.717028 0.0243961
2457516.331680 0 0.633062 0.0234153
2457516.331719 0 0.508871 0.0219599
2457516.331758 0 0.308509 0.0210946
2457516.331797 0 0.200623 0.0203961
2457516.331835 0 0.328548 0.0207581
2457516.331874 0 0.382825 0.0210667
2457516.331913 0 0.504982 0.0218065
2457516.331952 0 0.607872 0.0223654
2457516.331990 0 0.796194 0.024684
2457516.332029 0 0.915334 0.0255975
2457516.332068 0 1.03894 0.0279836
2457516.332107 0 1.07759 0.0284392
2457516.332145 0 1.04601 0.0277393
2457516.332184 0 1.19525 0.030269
2457516.332223 0 1.13339 0.0296636
2457516.332262 0 1.12305 0.0289265
2457516.332301 0 1.04771 0.0273261
2457516.332339 0 0.787617 0.0234322
2457516.332378 0 0.66532 0.0232559
2457516.332417 0 0.641024 0.0232177
2457516.332456 0 0.81109 0.0253163
2457516.332494 0 0.920397 0.0264081
2457516.332533 0 1.08711 0.0292341
2457516.332572 0 1.28146 0.0309899
2457516.332611 0 1.27222 0.0298977
2457516.332650 0 1.25727 0.0296228
2457516.332688 0 1.33255 0.032019
2457516.332727 0 1.34732 0.0305966
2457516.332766 0 1.3065 0.0319329
2457516.332805 0 1.36414 0.0320475
2457516.332843 0 1.39595 0.0337128
2457516.332882 0 1.17151 0.0300264
2457516.332921 0 1.03162 0.0270791
2457516.332960 0 0.910497 0.0248106
2457516.332999 0 0.690593 0.0234598
2457516.333037 0 0.584476 0.0225756
2457516.333076 0 0.521244 0.0220128
2457516.333115 0 0.385038 0.0210912
2457516.333154 0 0.340376 0.021188
2457516.333192 0 0.32929 0.0204148
2457516.333231 0 0.508738 0.0219348
2457516.333270 0 0.72653 0.023892
2457516.333309 0 0.837392 0.0256019
2457516.333347 0 0.991473 0.0266819
2457516.333386 0 1.02658 0.0279294
2457516.333425 0 1.19296 0.0295153
2457516.333464 0 1.18319 0.0297503
2457516.333503 0 1.14021 0.0285099
2457516.333541 0 1.25033 0.0299495
2457516.333580 0 1.18362 0.0296847
2457516.333619 0 1.192 0.0288536
2457516.333658 0 1.08419 0.0283466
2457516.333696 0 0.927601 0.0261256
2457516.333735 0 0.77699 0.0241674
2457516.333774 0 0.742064 0.0242838
2457516.333813 0 0.96548 0.0259047
2457516.333852 0 1.19173 0.0275037
2457516.333890 0 1.19107 0.0282268
2457516.333929 0 1.27771 0.0304323
2457516.333968 0 1.44026 0.0338739
2457516.334007 0 1.4751 0.0349821
2457516.334045 0 1.47423 0.0348336
2457516.334084 0 1.50644 0.0327991
2457516.334123 0 1.51057 0.0335712
2457516.334162 0 1.46096 0.03428
2457516.334200 0 1.47427 0.0343606
2457516.334239 0 1.29618 0.031172
2457516.334278 0 1.17424 0.0287748
2457516.334317 0 0.912334 0.0269495
2457516.334356 0 0.698075 0.0245369
2457516.334394 0 0.59703 0.0229942
2457516.334433 0 0.410807 0.0213262
2457516.334472 0 0.362149 0.0210951
2457516.334511 0 0.432272 0.0212383
2457516.334549 0 0.339862 0.0216416
2457516.334588 0 0.534847 0.021981
2457516.334627 0 0.636528 0.0236574
2457516.334666 0 0.774938 0.0245974
2457516.334705 0 0.98107 0.0269335
2457516.334743 0 1.11163 0.0288383
2457516.334782 0 1.16049 0.029496
2457516.334821 0 1.16145 0.0304488
2457516.334860 0 1.22642 0.0308784
2457516.334898 0 1.25296 0.0302854
2457516.334937 0 1.31673 0.0324671
2457516.334976 0 1.19488 0.0300575
2457516.335015 0 1.07916 0.027497
2457516.335054 0 0.791765 0.0244239
2457516.335092 0 0.634904 0.0233044
2457516.335131 0 0.69825 0.0237057
2457516.335170 0 0.838381 0.025504
2457516.335209 0 0.991019 0.0282651
2457516.335247 0 1.23788 0.0308934
2457516.335286 0 1.32381 0.0314069
2457516.335325 0 1.38023 0.0316988
2457516.335364 0 1.4937 0.0350167
2457516.335402 0 1.52011 0.0365481
2457516.335441 0 1.38884 0.033633
2457516.335480 0 1.39841 0.0332166
2457516.335519 0 1.40808 0.033583
2457516.335558 0 1.40587 0.0333797
2457516.335596 0 1.32847 0.0321132
2457516.335635 0 1.2365 0.031132
2457516.335674 0 1.1076 0.0293915
2457516.335713 0 0.793805 0.0250141
2457516.335751 0 0.619293 0.0239322
2457516.335790 0 0.514413 0.0228881
2457516.335829 0 0.455705 0.0231106
2457516.335868 0 0.36995 0.0214722
2457516.335907 0 0.274115 0.0204652
2457516.335945 0 0.44374 0.0220582
2457516.335984 0 0.627088 0.0233118
2457516.336023 0 0.748409 0.0245237
2457516.336062 0 0.987069 0.0275121
2457516.336100 0 1.07147 0.0287542
2457516.336139 0 1.21681 0.0314161
2457516.336178 0 1.24909 0.0325346
2457516.336217 0 1.33684 0.0332387
2457516.336255 0 1.27054 0.0311407
2457516.336294 0 1.31933 0.0328585
2457516.336333 0 1.24119 0.0308026
2457516.336372 0 1.10316 0.0293793
2457516.336411 0 0.989346 0.0273783
2457516.336449 0 0.847474 0.0261092
2457516.336488 0 0.76881 0.0250193
2457516.336527 0 0.798432 0.0256425
2457516.336566 0 0.89907 0.0262949
2457516.336604 0 1.09092 0.0297055
2457516.336643 0 1.28869 0.0323832
2457516.336682 0 1.34638 0.0329031
2457516.336721 0 1.53281 0.0347338
2457516.336760 0 1.49851 0.0376412
2457516.336798 0 1.53138 0.0383801
2457516.336837 0 1.51797 0.0353428
2457516.336876 0 1.57246 0.0371874
2457516.336915 0 1.47036 0.0368327
2457516.336953 0 1.40148 0.0352811
2457516.336992 0 1.36202 0.0342324
2457516.337031 0 1.21059 0.0302759
2457516.337070 0 0.956566 0.0266606
2457516.337109 0 0.72771 0.0243949
2457516.337147 0 0.590304 0.0231691
2457516.337186 0 0.393283 0.0211299
2457516.337225 0 0.413525 0.0222724
2457516.337264 0 0.466163 0.0223265
2457516.337302 0 0.545018 0.0229445
2457516.337341 0 0.656734 0.0245394
2457516.337380 0 0.67885 0.0235195
2457516.337419 0 0.870809 0.0266697
2457516.337457 0 1.00552 0.0294935
2457516.337496 0 1.15758 0.0301635
2457516.337535 0 1.21593 0.0321752
2457516.337574 0 1.27449 0.031225
2457516.337613 0 1.34827 0.0363874
2457516.337651 0 1.26501 0.0342721
2457516.337690 0 1.32336 0.0363539
2457516.337729 0 1.20485 0.0340325
2457516.337768 0 0.958318 0.0298873
2457516.337806 0 0.90356 0.0267625
2457516.337845 0 0.88441 0.0267259
2457516.337884 0 0.885978 0.0279156
2457516.337923 0 1.04261 0.0305471
2457516.337962 0 1.18656 0.0304634
2457516.338000 0 1.3901 0.0329417
2457516.338039 0 1.46399 0.0349458
2457516.338078 0 1.47398 0.0376048
2457516.338117 0 1.55533 0.0404679
2457516.338155 0 1.56722 0.0401426
2457516.338194 0 1.51866 0.0381072
2457516.338233 0 1.56819 0.0380207
2457516.338272 0 1.58126 0.0390388
2457516.338311 0 1.55337 0.0384713
2457516.338349 0 1.24118 0.033318
2457516.338388 0 1.23916 0.029953
2457516.338427 0 1.04225 0.0282335
2457516.338466 0 0.811303 0.0257182
2457516.338504 0 0.627274 0.0241836
2457516.338543 0 0.520344 0.0234721
2457516.338582 0 0.54288 0.0226158
2457516.338621 0 0.46177 0.0222057
2457516.338659 0 0.562799 0.0233603
2457516.338698 0 0.603051 0.0233277
2457516.338737 0 0.792155 0.0267081
2457516.338776 0 1.0211 0.0295431
2457516.338815 0 1.10079 0.0309938
2457516.338853 0 1.24961 0.032307
2457516.338892 0 1.37885 0.0361308
2457516.338931 0 1.41127 0.0358025
2457516.338970 0 1.35934 0.0333751
2457516.339008 0 1.30032 0.0334973
2457516.339047 0 1.30402 0.0329766
2457516.339086 0 1.1429 0.0301336
2457516.339125 0 1.12693 0.0297585
2457516.339164 0 0.934093 0.0276203
2457516.339202 0 0.854084 0.0261874
2457516.339241 0 0.849174 0.0260168
2457516.339280 0 0.972113 0.0279608
2457516.339319 0 1.23785 0.0320872
2457516.339357 0 1.33052 0.0322828
2457516.339396 0 1.40098 0.0334369
2457516.339435 0 1.50661 0.034963
2457516.339474 0 1.53677 0.0371955
2457516.339512 0 1.6352 0.0392959
2457516.339551 0 1.70741 0.0390491
2457516.339590 0 1.70765 0.0396314
2457516.339629 0 1.70761 0.0388972
2457516.339668 0 1.54926 0.0351431
2457516.339706 0 1.51394 0.0356152
2457516.339745 0 1.30779 0.031654
2457516.339784 0 1.09885 0.0287209
2457516.339823 0 0.834236 0.0257216
2457516.339861 0 0.744771 0.0250612
2457516.339900 0 0.474239 0.0220087
2457516.339939 0 0.383914 0.0215636
2457516.339978 0 0.509284 0.0227195
2457516.340017 0 0.480332 0.0226493
2457516.340055 0 0.707589 0.0237148
2457516.340094 0 0.859939 0.0247238
2457516.340133 0 1.0886 0.0278842
2457516.340172 0 1.21397 0.0301683
2457516.340210 0 1.25838 0.0312941
2457516.340249 0 1.36189 0.0333905
2457516.340288 0 1.42954 0.0340632
2457516.340327 0 1.46289 0.0346104
2457516.340366 0 1.3726 0.0330557
2457516.340404 0 1.34559 0.0316012
2457516.340443 0 1.35333 0.0333819
2457516.340482 0 1.13031 0.0285798
2457516.340521 0 1.12757 0.0296294
2457516.340559 0 0.994896 0.0274137
2457516.340598 0 0.978869 0.0272608
2457516.340637 0 1.21066 0.0302199
2457516.340676 0 1.30707 0.0308531
2457516.340714 0 1.41136 0.0346352
2457516.340753 0 1.54147 0.0386268
2457516.340792 0 1.64169 0.0375765
2457516.340831 0 1.71379 0.0413395
2457516.340870 0 1.74469 0.0431062
2457516.340908 0 1.66659 0.0414884
2457516.340947 0 1.66976 0.0400829
2457516.340986 0 1.69042 0.040734
2457516.341025 0 1.57681 0.0383066
2457516.341063 0 1.50186 0.0370198
2457516.341102 0 1.37507 0.0351822
2457516.341141 0 1.03438 0.0293778
2457516.341180 0 0.86319 0.0253893
2457516.341219 0 0.720379 0.0241181
2457516.341257 0 0.565995 0.0234864
2457516.341296 0 0.549268 0.0228454
2457516.341335 0 0.500174 0.0240197
2457516.341374 0 0.410167 0.0217251
2457516.341412 0 0.424977 0.0223134
2457516.341451 0 0.513768 0.0230736
2457516.341490 0 0.623305 0.0247612
2457516.341529 0 0.874875 0.0271526
2457516.341567 0 1.02533 0.0300083
2457516.341606 0 1.21758 0.030981
2457516.341645 0 1.23917 0.0321886
2457516.341684 0 1.29488 0.0340416
2457516.341723 0 1.22878 0.0316992
2457516.341761 0 1.18945 0.0307359
2457516.341800 0 1.2199 0.0300447
2457516.341839 0 1.14086 0.02857
2457516.341878 0 1.06522 0.0284345
2457516.341916 0 0.931583 0.0272924
2457516.341955 0 0.842037 0.0262111
2457516.341994 0 0.94483 0.027551
2457516.342033 0 1.01625 0.0281189
2457516.342072 0 1.19287 0.0298938
2457516.342110 0 1.21984 0.0315746
2457516.342149 0 1.41511 0.0333374
2457516.342188 0 1.52514 0.0375122
2457516.342227 0 1.63879 0.0386886
2457516.342265 0 1.51514 0.037023
2457516.342304 0 1.64115 0.0374627
2457516.342343 0 1.56878 0.0368539
2457516.342382 0 1.63389 0.0370329
2457516.342421 0 1.4824 0.0337807
2457516.342459 0 1.37301 0.0320518
2457516.342498 0 1.18716 0.0289969
2457516.342537 0 0.781793 0.0245971
2457516.342576 0 0.611304 0.0231861
2457516.342614 0 0.582086 0.0228713
2457516.342653 0 0.610418 0.0233637
2457516.342692 0 0.46978 0.0219478
2457516.342731 0 0.458519 0.0220997
2457516.342769 0 0.63621 0.0236648
2457516.342808 0 0.717631 0.0249848
2457516.342847 0 1.02262 0.0281175
2457516.342886 0 1.16753 0.0304645
2457516.342925 0 1.22537 0.0315534
2457516.342963 0 1.36207 0.0342407
2457516.343002 0 1.40545 0.0357754
2457516.343041 0 1.43574 0.0353354
2457516.343080 0 1.49953 0.0348869
2457516.343118 0 1.38303 0.0341542
2457516.343157 0 1.51448 0.0347895
2457516.343196 0 1.33106 0.0310995
2457516.343235 0 1.1855 0.0293161
2457516.343274 0 0.923241 0.0265569
2457516.343312 0 0.856995 0.0258878
2457516.343351 0 0.857138 0.0266641
2457516.343390 0 1.12233 0.0291689
2457516.343429 0 1.37076 0.0341589
2457516.343467 0 1.47024 0.033664
2457516.343506 0 1.54517 0.0364386
2457516.343545 0 1.72718 0.0406598
2457516.343584 0 1.7225 0.039923
2457516.343622 0 1.66382 0.0398965
2457516.343661 0 1.69947 0.039951
2457516.343700 0 1.68599 0.0402657
2457516.343739 0 1.64347 0.037343
2457516.343778 0 1.67646 0.0384482
2457516.343816 0 1.46804 0.0345623
2457516.343855 0 1.26946 0.0311644
2457516.343894 0 1.0138 0.0279663
2457516.343933 0 0.918217 0.0266277
2457516.343971 0 0.826864 0.0253377
2457516.344010 0 0.7305 0.0236483
2457516.344049 0 0.67067 0.0238437
2457516.344088 0 0.665052 0.0233313
2457516.344127 0 0.718963 0.0242864
2457516.344165 0 0.745411 0.0244342
2457516.344204 0 0.861585 0.0257608
2457516.344243 0 1.09213 0.0283578
2457516.344282 0 1.19432 0.0295313
2457516.344320 0 1.236 0.0306744
2457516.344359 0 1.37667 0.0319504
2457516.344398 0 1.49841 0.0355229
2457516.344437 0 1.43743 0.0344658
2457516.344476 0 1.42573 0.034788
2457516.344514 0 1.44037 0.0342426
2457516.344553 0 1.40566 0.0331691
2457516.344592 0 1.19344 0.0301106
2457516.344631 0 1.03498 0.0275342
2457516.344669 0 0.920739 0.0256575
2457516.344708 0 0.915718 0.0251928
2457516.344747 0 0.958814 0.0262298
2457516.344786 0 1.16379 0.0286247
2457516.344824 0 1.39374 0.0326515
2457516.344863 0 1.60046 0.0352113
2457516.344902 0 1.53059 0.0349822
2457516.344941 0 1.64196 0.0376131
2457516.344980 0 1.70871 0.0375615
2457516.345018 0 1.66777 0.0375282
2457516.345057 0 1.66712 0.0388293
2457516.345096 0 1.6225 0.0365305
2457516.345135 0 1.535 0.0344708
2457516.345173 0 1.42797 0.0342971
2457516.345212 0 1.32803 0.032783
2457516.345251 0 1.07306 0.0287346
2457516.345290 0 0.957452 0.0268732
2457516.345329 0 0.878083 0.0259959
2457516.345367 0 0.917852 0.0268563
2457516.345406 0 0.863562 0.0255796
2457516.345445 0 0.853848 0.0251586
2457516.345484 0 0.871124 0.0253747
2457516.345522 0 0.677447 0.024482
2457516.345561 0 0.791396 0.0245337
2457516.345600 0 1.01481 0.0269713
2457516.345639 0 1.10236 0.0279087
2457516.345678 0 1.32195 0.0307212
2457516.345716 0 1.37574 0.0327185
2457516.345755 0 1.46749 0.0352055
2457516.345794 0 1.45809 0.0349288
2457516.345833 0 1.43907 0.0340249
2457516.345871 0 1.44698 0.0352555
2457516.345910 0 1.24999 0.0309174
2457516.345949 0 1.19388 0.0298437
2457516.345988 0 1.16512 0.0302594
2457516.346026 0 1.00475 0.0271363
2457516.346065 0 0.932128 0.0270324
2457516.346104 0 0.992507 0.0275704
2457516.346143 0 1.36507 0.0321593
2457516.346182 0 1.53791 0.0368349
2457516.346220 0 1.6133 0.0380207
2457516.346259 0 1.7896 0.0401809
2457516.346298 0 1.80981 0.043091
2457516.346337 0 1.79876 0.0409721
2457516.346375 0 1.79915 0.0423504
2457516.346414 0 1.82467 0.0436099
2457516.346453 0 1.78607 0.0409415
2457516.346492 0 1.73075 0.0402667
2457516.346531 0 1.67118 0.0391892
2457516.346569 0 1.41283 0.032551
2457516.346608 0 1.27931 0.0309028
2457516.346647 0 1.00552 0.0269385
2457516.346686 0 0.838416 0.0255611
2457516.346724 0 0.760884 0.024654
2457516.346763 0 0.614341 0.0229464
2457516.346802 0 0.460815 0.0220043
2457516.346841 0 0.504738 0.0213225
2457516.346879 0 0.661514 0.0238072
2457516.346918 0 0.757851 0.024131
2457516.346957 0 0.927287 0.0261345
2457516.346996 0 1.1934 0.0309471
2457516.347035 0 1.42067 0.0346817
2457516.347073 0 1.49562 0.0359232
2457516.347112 0 1.51871 0.0359909
2457516.347151 0 1.53112 0.0350032
2457516.347190 0 1.53894 0.0360239
2457516.347228 0 1.51058 0.0359433
2457516.347267 0 1.41722 0.0313587
2457516.347306 0 1.23796 0.03017
2457516.347345 0 1.05151 0.0284912
2457516.347384 0 1.01589 0.0280356
2457516.347422 0 1.07513 0.029072
2457516.347461 0 1.19177 0.0290004
2457516.347500 0 1.43188 0.0336246
2457516.347539 0 1.53499 0.0359219
2457516.347577 0 1.70811 0.0389825
2457516.347616 0 1.7165 0.0400675
2457516.347655 0 1.76074 0.0398103
2457516.347694 0 1.9332 0.0448483
2457516.347733 0 1.80632 0.0409204
2457516.347771 0 1.93371 0.0456707
2457516.347810 0 1.79536 0.0417795
2457516.347849 0 1.74422 0.0384113
2457516.347888 0 1.58061 0.0360913
2457516.347926 0 1.42634 0.0326388
2457516.347965 0 1.23441 0.0303957
2457516.348004 0 0.965583 0.0263014
2457516.348043 0 0.795898 0.0248667
2457516.348081 0 0.710923 0.0241784
2457516.348120 0 0.651142 0.0236992
2457516.348159 0 0.711063 0.0239082
2457516.348198 0 0.595862 0.0235338
2457516.348237 0 0.617182 0.0235609
2457516.348275 0 0.814428 0.0257139
2457516.348314 0 1.03351 0.0276394
2457516.348353 0 1.27268 0.0311505
2457516.348392 0 1.29782 0.031791
2457516.348430 0 1.48271 0.0347699
2457516.348469 0 1.55996 0.0370183
2457516.348508 0 1.60684 0.0373777
2457516.348547 0 1.64851 0.0378042
2457516.348586 0 1.48048 0.034812
2457516.348624 0 1.32531 0.0318705
2457516.348663 0 1.27879 0.0302417
2457516.348702 0 1.18429 0.0295811
2457516.348741 0 1.2239 0.0296554
2457516.348779 0 1.25697 0.0306903
2457516.348818 0 1.18388 0.0296443
2457516.348857 0 1.26513 0.0311782
2457516.348896 0 1.37252 0.0336939
2457516.348934 0 1.60301 0.037627
2457516.348973 0 1.5719 0.0383974
2457516.349012 0 1.67107 0.0399961
2457516.349051 0 1.77585 0.0422518
2457516.349090 0 1.78368 0.0423663
2457516.349128 0 1.79059 0.0403217
2457516.349167 0 1.73852 0.0408137
2457516.349206 0 1.62271 0.0379995
2457516.349245 0 1.63572 0.0377044
2457516.349283 0 1.42925 0.0346136
2457516.349322 0 1.3221 0.0323138
2457516.349361 0 1.12299 0.0295101
2457516.349400 0 0.965063 0.0274709
2457516.349439 0 0.844504 0.0260509
2457516.349477 0 0.724592 0.0245432
2457516.349516 0 0.705641 0.0243963
2457516.349555 0 0.744818 0.0257057
2457516.349594 0 0.834969 0.0259289
2457516.349632 0 1.01154 0.0275958
2457516.349671 0 1.19023 0.0299978
2457516.349710 0 1.28162 0.0325182
2457516.349749 0 1.54231 0.0364255
2457516.349788 0 1.53624 0.0388939
2457516.349826 0 1.66438 0.0419922
2457516.349865 0 1.64624 0.0388137
2457516.349904 0 1.59631 0.0353162
2457516.349943 0 1.49934 0.0349326
2457516.349981 0 1.39843 0.0337718
2457516.350020 0 1.27908 0.0311104
2457516.350059 0 1.17824 0.0303167
2457516.350098 0 1.15641 0.0291822
2457516.350136 0 1.23268 0.0297217
2457516.350175 0 1.34717 0.0322561
2457516.350214 0 1.43411 0.0339147
2457516.350253 0 1.59187 0.0385948
2457516.350292 0 1.73759 0.0402785
2457516.350330 0 1.8443 0.0444382
2457516.350369 0 1.96492 0.0470023
2457516.350408 0 1.94579 0.0464938
2457516.350447 0 1.95616 0.0471397
2457516.350485 0 1.95166 0.0454
2457516.350524 0 1.81056 0.0414834
2457516.350563 0 1.85641 0.0414762
2457516.350602 0 1.67398 0.0383929
2457516.350641 0 1.46529 0.0338463
2457516.350679 0 1.39327 0.0334314
2457516.350718 0 1.22164 0.0302099
2457516.350757 0 1.19667 0.0295349
2457516.350796 0 1.00203 0.0282159
2457516.350834 0 0.871391 0.025883
2457516.350873 0 0.79722 0.0259765
2457516.350912 0 0.880198 0.0271668
2457516.350951 0 0.986368 0.0288165
2457516.350989 0 1.0044 0.0281843
2457516.351028 0 1.07578 0.0295878
2457516.351067 0 1.16353 0.0295817
2457516.351106 0 1.27224 0.0322644
2457516.351145 0 1.54026 0.0367122
2457516.351183 0 1.57627 0.0370918
2457516.351222 0 1.81111 0.0434875
2457516.351261 0 1.66945 0.0387545
2457516.351300 0 1.51477 0.0369015
2457516.351338 0 1.44801 0.0344884
2457516.351377 0 1.3743 0.0324482
2457516.351416 0 1.25525 0.0321795
2457516.351455 0 1.20832 0.0302948
2457516.351494 0 1.2658 0.0311878
2457516.351532 0 1.20553 0.0321719
2457516.351571 0 1.15804 0.0304695
2457516.351610 0 1.2555 0.0307982
2457516.351649 0 1.37951 0.0333916
2457516.351687 0 1.50937 0.0364454
2457516.351726 0 1.68518 0.0387061
2457516.351765 0 1.81782 0.0441092
2457516.351804 0 1.94826 0.0484945
2457516.351843 0 1.81592 0.0414758
2457516.351881 0 1.79117 0.0424046
2457516.351920 0 1.80943 0.0428007
2457516.351959 0 1.65765 0.0400064
2457516.351998 0 1.43623 0.0348033
2457516.352036 0 1.44194 0.0351075
2457516.352075 0 1.22091 0.030676
2457516.352114 0 1.04164 0.0281029
2457516.352153 0 0.936336 0.0263177
2457516.352191 0 0.837385 0.0260861
2457516.352230 0 0.947465 0.0277903
2457516.352269 0 1.11683 0.0289179
2457516.352308 0 1.0205 0.0276607
2457516.352347 0 0.895547 0.0269649
2457516.352385 0 1.00791 0.0285008
2457516.352424 0 1.24701 0.0316556
2457516.352463 0 1.54627 0.0352834
2457516.352502 0 1.57084 0.0363714
2457516.352540 0 1.58782 0.0372553
2457516.352579 0 1.58628 0.0395131
2457516.352618 0 1.72928 0.0399616
2457516.352657 0 1.61146 0.0368536
2457516.352696 0 1.44786 0.0349616
2457516.352734 0 1.32297 0.0345281
2457516.352773 0 1.28409 0.0318482
2457516.352812 0 1.18521 0.0296182
2457516.352851 0 1.12012 0.0286972
2457516.352889 0 1.17774 0.0304565
2457516.352928 0 1.25276 0.0311325
2457516.352967 0 1.43615 0.0335995
2457516.353006 0 1.60418 0.0385003
2457516.353044 0 1.74831 0.0421944
2457516.353083 0 1.95127 0.0455645
2457516.353122 0 1.87042 0.0431742
2457516.353161 0 2.03059 0.0493487
2457516.353200 0 1.92765 0.0473998
2457516.353238 0 1.87028 0.04664
2457516.353277 0 1.72558 0.043256
2457516.353316 0 1.49222 0.035961
2457516.353355 0 1.28248 0.0324007
2457516.353393 0 1.29715 0.034476
2457516.353432 0 1.10667 0.0304113
2457516.353471 0 1.00843 0.0284233
2457516.353510 0 0.995252 0.0276302
2457516.353549 0 0.922657 0.0266643
2457516.353587 0 0.87666 0.0265874
2457516.353626 0 0.73632 0.0248472
2457516.353665 0 0.831136 0.0260375
2457516.353704 0 0.909638 0.0262355
2457516.353742 0 1.01674 0.0277003
2457516.353781 0 1.14502 0.0293973
2457516.353820 0 1.30197 0.0309173
2457516.353859 0 1.46248 0.0350973
2457516.353898 0 1.60965 0.0385757
2457516.353936 0 1.64348 0.0388699
2457516.353975 0 1.71112 0.0392455
2457516.354014 0 1.63826 0.040465
2457516.354053 0 1.57208 0.0355152
2457516.354091 0 1.46925 0.0342331
2457516.354130 0 1.32739 0.031789
2457516.354169 0 1.18149 0.0291338
2457516.354208 0 1.20822 0.0301795
2457516.354246 0 1.18346 0.0287971
2457516.354285 0 1.37827 0.032535
2457516.354324 0 1.41748 0.0335246
2457516.354363 0 1.46844 0.0340567
2457516.354402 0 1.65461 0.0380906
2457516.354440 0 1.82768 0.0405007
2457516.354479 0 1.95665 0.0453785
2457516.354518 0 1.93695 0.0449317
2457516.354557 0 1.94379 0.0441433
2457516.354595 0 1.85833 0.0435763
2457516.354634 0 1.84048 0.0430129
2457516.354673 0 1.56738 0.0372807
2457516.354712 0 1.47735 0.0358812
2457516.354751 0 1.29735 0.0313049
2457516.354789 0 1.23198 0.0309964
2457516.354828 0 1.16485 0.0285415
2457516.354867 0 1.11668 0.0278539
2457516.354906 0 1.01023 0.0273624
2457516.354944 0 1.02146 0.0278876
2457516.354983 0 0.818432 0.0249079
2457516.355022 0 0.730542 0.0235453
2457516.355061 0 0.854683 0.0259997
2457516.355100 0 0.933751 0.0272264
2457516.355138 0 1.1615 0.029331
2457516.355177 0 1.27372 0.0302657
2457516.355216 0 1.28415 0.0306458
2457516.355255 0 1.30535 0.0323749
2457516.355293 0 1.43793 0.0331546
2457516.355332 0 1.55989 0.0353626
2457516.355371 0 1.55785 0.0354937
2457516.355410 0 1.46618 0.0350511
2457516.355448 0 1.40262 0.0327852
2457516.355487 0 1.28283 0.0309866
2457516.355526 0 1.04043 0.0275501
2457516.355565 0 1.04848 0.0270407
2457516.355604 0 1.18165 0.0282473
2457516.355642 0 1.19047 0.0295913
2457516.355681 0 1.25744 0.0300762
2457516.355720 0 1.43747 0.0337342
2457516.355759 0 1.59898 0.0361401
2457516.355797 0 1.79471 0.0409814
2457516.355836 0 1.86126 0.0423173
2457516.355875 0 1.94085 0.0443288
2457516.355914 0 2.05981 0.0486283
2457516.355953 0 2.00932 0.0462408
2457516.355991 0 1.94465 0.0468104
2457516.356030 0 1.85181 0.0435247
2457516.356069 0 1.72456 0.0389705
2457516.356108 0 1.53211 0.0334607
2457516.356146 0 1.39648 0.0334364
2457516.356185 0 1.19623 0.0306486
2457516.356224 0 0.996243 0.0274202
2457516.356263 0 0.963682 0.0269016
2457516.356301 0 0.82993 0.0243291
2457516.356340 0 0.892 0.0263676
2457516.356379 0 0.744156 0.0248049
2457516.356418 0 0.719717 0.0241597
2457516.356457 0 0.940151 0.0260681
2457516.356495 0 1.20003 0.0302426
2457516.356534 0 1.36722 0.0321385
2457516.356573 0 1.45818 0.0345524
2457516.356612 0 1.56852 0.035437
2457516.356650 0 1.72006 0.0383757
2457516.356689 0 1.77681 0.0406711
2457516.356728 0 1.7672 0.0402768
2457516.356767 0 1.58254 0.0358419
2457516.356806 0 1.47263 0.0333538
2457516.356844 0 1.22684 0.0293641
2457516.356883 0 1.00863 0.0266485
2457516.356922 0 1.02799 0.0285223
2457516.356961 0 1.12552 0.0275602
2457516.356999 0 1.18756 0.0286433
2457516.357038 0 1.28304 0.029819
2457516.357077 0 1.53634 0.0342004
2457516.357116 0 1.67574 0.0381931
2457516.357155 0 1.74296 0.0402342
2457516.357193 0 1.87871 0.0426696
2457516.357232 0 1.96644 0.0459612
2457516.357271 0 1.95109 0.0460879
2457516.357310 0 1.88697 0.0444797
2457516.357348 0 1.7493 0.0389071
2457516.357387 0 1.5952 0.0354018
2457516.357426 0 1.3598 0.0321084
2457516.357465 0 1.30719 0.0309532
2457516.357503 0 1.3719 0.0331725
2457516.357542 0 1.14109 0.0296116
2457516.357581 0 0.97678 0.0270141
2457516.357620 0 0.893858 0.0264788
2457516.357659 0 0.856397 0.0259681
2457516.357697 0 0.829068 0.0252669
2457516.357736 0 0.794351 0.0251909
2457516.357775 0 0.983533 0.0268388
2457516.357814 0 0.908532 0.0262319
2457516.357852 0 0.990337 0.0268706
2457516.357891 0 1.21393 0.0293231
2457516.357930 0 1.34381 0.0321185
2457516.357969 0 1.39785 0.0339096
2457516.358008 0 1.53311 0.0367133
2457516.358046 0 1.66483 0.0381543
2457516.358085 0 1.62482 0.0391007
2457516.358124 0 1.62305 0.0377975
2457516.358163 0 1.48889 0.0345428
2457516.358201 0 1.30184 0.0317861
2457516.358240 0 1.29674 0.0313235
2457516.358279 0 1.25172 0.0303552
2457516.358318 0 1.2201 0.0295732
2457516.358356 0 1.33843 0.0310266
2457516.358395 0 1.50789 0.0343546
2457516.358434 0 1.64529 0.0363542
2457516.358473 0 1.7388 0.040125
2457516.358512 0 1.77518 0.0406047
2457516.358550 0 1.83377 0.0410371
2457516.358589 0 1.85934 0.043118
2457516.358628 0 1.93182 0.0447497
2457516.358667 0 1.86455 0.0430136
2457516.358705 0 1.81582 0.0414401
2457516.358744 0 1.75587 0.0388309
2457516.358783 0 1.57033 0.0355429
2457516.358822 0 1.44589 0.0333226
2457516.358861 0 1.36866 0.0321951
2457516.358899 0 1.17372 0.0296718
2457516.358938 0 1.20335 0.0307532
2457516.358977 0 1.11291 0.0286772
2457516.359016 0 0.9419 0.0273482
2457516.359054 0 0.942653 0.0267048
2457516.359093 0 0.858988 0.0264802
2457516.359132 0 0.831769 0.0250415
2457516.359171 0 0.814913 0.0254479
2457516.359210 0 1.07793 0.028278
2457516.359248 0 1.20244 0.0308364
2457516.359287 0 1.46268 0.0330648
2457516.359326 0 1.4804 0.0352081
2457516.359365 0 1.54048 0.0349551
2457516.359403 0 1.58231 0.0360405
2457516.359442 0 1.70484 0.0425334
2457516.359481 0 1.70266 0.0411289
2457516.359520 0 1.53619 0.0375421
2457516.359558 0 1.49105 0.0337232
2457516.359597 0 1.30553 0.0322073
2457516.359636 0 1.25702 0.0306789
2457516.359675 0 1.32771 0.0310037
2457516.359714 0 1.26102 0.0306931
2457516.359752 0 1.29289 0.0314922
2457516.359791 0 1.44186 0.0340708
2457516.359830 0 1.57821 0.036281
2457516.359869 0 1.78338 0.0403545
2457516.359907 0 1.85676 0.0425014
2457516.359946 0 1.90351 0.0463055
2457516.359985 0 2.07539 0.0484181
2457516.360024 0 1.89824 0.0468856
2457516.360063 0 1.85804 0.0418265
2457516.360101 0 1.80765 0.0433965
2457516.360140 0 1.68058 0.037527
2457516.360179 0 1.66091 0.0386587
2457516.360218 0 1.61935 0.0376111
2457516.360256 0 1.41714 0.0333336
2457516.360295 0 1.14262 0.0307961
2457516.360334 0 1.10673 0.0296589
2457516.360373 0 0.974111 0.0276934
2457516.360411 0 0.868959 0.0259898
2457516.360450 0 0.801646 0.0247978
2457516.360489 0 0.818555 0.0247173
2457516.360528 0 0.914873 0.0260929
2457516.360567 0 0.946208 0.0265485
2457516.360605 0 0.92118 0.0267962
2457516.360644 0 1.26719 0.0321467
2457516.360683 0 1.39932 0.0332625
2457516.360722 0 1.44897 0.0335312
2457516.360760 0 1.50345 0.0361195
2457516.360799 0 1.53406 0.0369918
2457516.360838 0 1.55622 0.0372894
2457516.360877 0 1.54846 0.0350674
2457516.360916 0 1.51684 0.034825
2457516.360954 0 1.31423 0.0323655
2457516.360993 0 1.24481 0.03021
2457516.361032 0 1.24517 0.0306923
2457516.361071 0 1.33489 0.0323481
2457516.361109 0 1.41507 0.0325963
2457516.361148 0 1.4697 0.0335504
2457516.361187 0 1.52137 0.0353399
2457516.361226 0 1.56424 0.036683
2457516.361265 0 1.74221 0.039878
2457516.361303 0 1.93533 0.0428137
2457516.361342 0 1.91018 0.0430068
2457516.361381 0 1.97245 0.04362
2457516.361420 0 1.75477 0.0409057
2457516.361458 0 1.74372 0.0411443
2457516.361497 0 1.49388 0.033542
2457516.361536 0 1.28181 0.0304724
2457516.361575 0 1.12575 0.0290098
2457516.361613 0 1.11479 0.0275488
2457516.361652 0 1.08085 0.0280809
2457516.361691 0 1.0276 0.0266827
2457516.361730 0 0.967455 0.0265369
2457516.361769 0 0.856213 0.0253102
2457516.361807 0 0.778661 0.0239035
2457516.361846 0 0.824119 0.0250174
2457516.361885 0 0.850502 0.0253219
2457516.361924 0 0.846377 0.0246154
2457516.361962 0 0.594518 0.0227664
2457516.362001 0 0.567913 0.0226388
2457516.362040 0 0.76614 0.0246642
2457516.362079 0 0.860435 0.025389
2457516.362118 0 1.08382 0.0287359
2457516.362156 0 1.30953 0.0303618
2457516.362195 0 1.35887 0.0315323
2457516.362234 0 1.46404 0.0333683
2457516.362273 0 1.38628 0.0336936
2457516.362311 0 1.41464 0.0320827
2457516.362350 0 1.20871 0.0302694
2457516.362389 0 1.30988 0.0308528
2457516.362428 0 1.33009 0.0323652
2457516.362467 0 1.36858 0.0326796
2457516.362505 0 1.30418 0.0309504
2457516.362544 0 1.41445 0.0329308
2457516.362583 0 1.5102 0.0363445
2457516.362622 0 1.64686 0.0390821
2457516.362660 0 1.82412 0.0411676
2457516.362699 0 1.77814 0.0397692
2457516.362738 0 1.78161 0.0407686
2457516.362777 0 1.804 0.0406015
2457516.362815 0 1.68182 0.0405821
2457516.362854 0 1.64885 0.0395737
2457516.362893 0 1.56247 0.0364506
2457516.362932 0 1.48438 0.0351021
2457516.362971 0 1.31164 0.0318468
2457516.363009 0 1.14746 0.028655
2457516.363048 0 0.974942 0.0277662
2457516.363087 0 0.85927 0.0260568
2457516.363126 0 0.97587 0.0268122
2457516.363164 0 0.872501 0.0257107
2457516.363203 0 0.769035 0.0241087
2457516.363242 0 0.739177 0.0239151
2457516.363281 0 0.579243 0.0230843
2457516.363320 0 0.672409 0.0239005
2457516.363358 0 0.918282 0.0264918
2457516.363397 0 1.09177 0.0285179
2457516.363436 0 1.13475 0.0297975
2457516.363475 0 1.25656 0.0313659
2457516.363513 0 1.29978 0.0321001
2457516.363552 0 1.35098 0.0319321
2457516.363591 0 1.45168 0.0336952
2457516.363630 0 1.33562 0.0327975
2457516.363668 0 1.32326 0.0326832
2457516.363707 0 1.22402 0.0307639
2457516.363746 0 1.21861 0.0306509
2457516.363785 0 1.13046 0.0293571
2457516.363824 0 1.12494 0.0300564
2457516.363862 0 1.1575 0.0297837
2457516.363901 0 1.1787 0.0294708
2457516.363940 0 1.23032 0.0305422
2457516.363979 0 1.41935 0.0350906
2457516.364017 0 1.5767 0.0373458
2457516.364056 0 1.64606 0.0396182
2457516.364095 0 1.68975 0.0419039
2457516.364134 0 1.74752 0.0428486
2457516.364173 0 1.79725 0.0431296
2457516.364211 0 1.70972 0.0402138
2457516.364250 0 1.60214 0.0377108
2457516.364289 0 1.53233 0.0372818
2457516.364328 0 1.44925 0.0363209
2457516.364366 0 1.31651 0.0319763
2457516.364405 0 1.04342 0.0289646
2457516.364444 0 1.03822 0.0287743
2457516.364483 0 0.935585 0.0273861
2457516.364522 0 1.00252 0.0281254
2457516.364560 0 0.794121 0.0245226
2457516.364599 0 0.546084 0.0225486
2457516.364638 0 0.617846 0.0234923
2457516.364677 0 0.681621 0.0242915
2457516.364715 0 0.852393 0.02614
2457516.364754 0 0.896307 0.0261802
2457516.364793 0 1.10519 0.0287011
2457516.364832 0 1.22932 0.0306197
2457516.364870 0 1.36675 0.0332093
2457516.364909 0 1.44571 0.0342905
2457516.364948 0 1.4157 0.034851
2457516.364987 0 1.48744 0.0340678
2457516.365026 0 1.3611 0.0327285
2457516.365064 0 1.32669 0.0322776
2457516.365103 0 1.14238 0.029091
2457516.365142 0 1.00403 0.0275092
2457516.365181 0 1.17349 0.0289199
2457516.365219 0 1.17074 0.0287734
2457516.365258 0 1.22955 0.0305829
2457516.365297 0 1.4016 0.0318126
2457516.365336 0 1.52666 0.0353373
2457516.365375 0 1.61762 0.0378131
2457516.365413 0 1.64059 0.0372257
2457516.365452 0 1.75447 0.0399332
2457516.365491 0 1.83008 0.0409248
2457516.365530 0 1.89343 0.0431721
2457516.365568 0 1.7716 0.0411563
2457516.365607 0 1.62084 0.0366481
2457516.365646 0 1.50563 0.0340751
2457516.365685 0 1.49884 0.0348052
2457516.365723 0 1.45892 0.0338553
2457516.365762 0 1.10127 0.0284871
2457516.365801 0 0.940557 0.0257996
2457516.365840 0 0.918955 0.0256224
2457516.365879 0 0.908096 0.0261821
2457516.365917 0 0.944703 0.0271659
2457516.365956 0 0.913114 0.0265214
2457516.365995 0 0.674345 0.0243098
2457516.366034 0 0.72491 0.0243827
2457516.366072 0 0.792666 0.0246288
2457516.366111 0 1.06615 0.0278796
2457516.366150 0 1.26508 0.0313596
2457516.366189 0 1.26251 0.0311095
2457516.366228 0 1.34185 0.032205
2457516.366266 0 1.52494 0.0352241
2457516.366305 0 1.57203 0.0355307
2457516.366344 0 1.39464 0.0328953
2457516.366383 0 1.40311 0.0320862
2457516.366421 0 1.33941 0.0320091
2457516.366460 0 1.26182 0.0311888
2457516.366499 0 1.17697 0.0297519
2457516.366538 0 1.094 0.0284149
2457516.366577 0 1.24433 0.0312095
2457516.366615 0 1.30073 0.0323004
2457516.366654 0 1.45428 0.0332567
2457516.366693 0 1.35742 0.0322127
2457516.366732 0 1.48253 0.0331343
2457516.366770 0 1.66779 0.0378866
2457516.366809 0 1.63901 0.0365834
2457516.366848 0 1.57512 0.0349579
2457516.366887 0 1.51298 0.0345482
2457516.366925 0 1.58613 0.0360511
2457516.366964 0 1.44699 0.0334928
2457516.367003 0 1.45033 0.0325618
2457516.367042 0 1.50966 0.0339888
2457516.367081 0 1.32833 0.0309467
2457516.367119 0 1.15316 0.0280162
2457516.367158 0 0.982663 0.0262289
2457516.367197 0 0.833658 0.025473
2457516.367236 0 0.731765 0.0241428
2457516.367274 0 0.667904 0.0239569
2457516.367313 0 0.714863 0.0241929
2457516.367352 0 0.823458 0.0256234
2457516.367391 0 0.790526 0.0249594
2457516.367430 0 0.693386 0.0242437
2457516.367468 0 0.724745 0.0233848
2457516.367507 0 1.02071 0.0269851
2457516.367546 0 1.09213 0.0280488
2457516.367585 0 1.3382 0.0315962
2457516.367623 0 1.45718 0.0326989
2457516.367662 0 1.46342 0.0341383
2457516.367701 0 1.4441 0.0328858
2457516.367740 0 1.31958 0.0311804
2457516.367778 0 1.39263 0.0315398
2457516.367817 0 1.45263 0.0324744
2457516.367856 0 1.30009 0.031013
2457516.367895 0 1.23281 0.0301019
2457516.367934 0 1.34513 0.0311495
2457516.367972 0 1.31291 0.0310362
2457516.368011 0 1.38694 0.032247
2457516.368050 0 1.56826 0.0349538
2457516.368089 0 1.66413 0.0386343
2457516.368127 0 1.60046 0.0362725
2457516.368166 0 1.58429 0.0368248
2457516.368205 0 1.64103 0.0390676
2457516.368244 0 1.69445 0.0398379
2457516.368283 0 1.65818 0.0383678
2457516.368321 0 1.64281 0.0372111
2457516.368360 0 1.52186 0.0353683
2457516.368399 0 1.46409 0.033339
2457516.368438 0 1.56239 0.035149
2457516.368476 0 1.38504 0.0318502
2457516.368515 0 1.09285 0.0274681
2457516.368554 0 1.08198 0.0270184
2457516.368593 0 1.01712 0.0264189
2457516.368632 0 0.907232 0.0255017
2457516.368670 0 0.919849 0.0257018
2457516.368709 0 0.894192 0.0253317
2457516.368748 0 0.910504 0.0257614
2457516.368787 0 0.84249 0.0249989
2457516.368825 0 0.687078 0.0236363
2457516.368864 0 0.666894 0.0225282
2457516.368903 0 0.740287 0.023637
2457516.368942 0 0.911303 0.0254771
2457516.368980 0 1.22764 0.0297051
2457516.369019 0 1.37375 0.0306807
2457516.369058 0 1.41648 0.0323291
2457516.369097 0 1.21438 0.0286559
2457516.369136 0 1.31463 0.0305551
2457516.369174 0 1.4137 0.0326212
2457516.369213 0 1.29441 0.0294776
2457516.369252 0 1.31343 0.0299347
2457516.369291 0 1.31904 0.0308885
2457516.369329 0 1.39781 0.0319698
2457516.369368 0 1.34945 0.0311976
2457516.369407 0 1.34332 0.0314216
2457516.369446 0 1.29857 0.0304768
2457516.369485 0 1.28552 0.0299819
2457516.369523 0 1.28668 0.0305015
2457516.369562 0 1.46718 0.033017
2457516.369601 0 1.58444 0.0356336
2457516.369640 0 1.56333 0.0356689
2457516.369678 0 1.50147 0.0346784
2457516.369717 0 1.47846 0.0350323
2457516.369756 0 1.41705 0.0326557
2457516.369795 0 1.36287 0.0321047
2457516.369833 0 1.34373 0.030613
2457516.369872 0 1.26231 0.0298372
2457516.369911 0 1.10666 0.0271436
2457516.369950 0 0.963582 0.0270472
2457516.369989 0 0.924126 0.0261429
2457516.370027 0 0.91279 0.0261055
2457516.370066 0 0.755284 0.0242986
2457516.370105 0 0.42575 0.0213938
2457516.370144 0 0.229148 0.0204401
2457516.370182 0 0.367549 0.0213476
2457516.370221 0 0.684162 0.0229588
2457516.370260 0 0.861662 0.0254796
2457516.370299 0 1.07679 0.0285315
2457516.370338 0 1.1926 0.0289715
2457516.370376 0 1.29077 0.0296611
2457516.370415 0 1.2461 0.0291146
2457516.370454 0 1.11578 0.0281859
2457516.370493 0 1.1914 0.0297455
2457516.370531 0 1.18034 0.0293818
2457516.370570 0 1.24883 0.0306473
2457516.370609 0 1.2842 0.0299945
2457516.370648 0 1.43302 0.0327129
2457516.370687 0 1.43715 0.0332321
2457516.370725 0 1.51536 0.0357022
2457516.370764 0 1.58787 0.0375723
2457516.370803 0 1.70651 0.0384052
2457516.370842 0 1.6664 0.0374671
2457516.370880 0 1.713 0.0378363
2457516.370919 0 1.6878 0.0374318
2457516.370958 0 1.82555 0.042103
2457516.370997 0 1.70865 0.0403479
2457516.371035 0 1.72429 0.0407914
2457516.371074 0 1.66872 0.0379609
2457516.371113 0 1.68345 0.0374143
2457516.371152 0 1.59164 0.036516
2457516.371191 0 1.51391 0.0356143
2457516.371229 0 1.25814 0.0301595
2457516.371268 0 1.1044 0.0285973
2457516.371307 0 1.03385 0.0279616
2457516.371346 0 0.850162 0.0259332
2457516.371384 0 0.865067 0.0258946
2457516.371423 0 0.8893 0.0256511
2457516.371462 0 0.836625 0.0250371
2457516.371501 0 0.64843 0.0239763
2457516.371540 0 0.589941 0.0230081
2457516.371578 0 0.703555 0.0242634
2457516.371617 0 0.923577 0.026015
2457516.371656 0 1.04795 0.0284504
2457516.371695 0 1.20053 0.0301871
2457516.371733 0 1.34484 0.0313102
2457516.371772 0 1.39528 0.0325824
2457516.371811 0 1.26132 0.0306696
2457516.371850 0 1.25895 0.0300001
2457516.371889 0 1.33447 0.031727
2457516.371927 0 1.32709 0.0321333
2457516.371966 0 1.31508 0.0314777
2457516.372005 0 1.28533 0.0307085
2457516.372044 0 1.16629 0.0287815
2457516.372082 0 1.21642 0.0297829
2457516.372121 0 1.23319 0.0309253
2457516.372160 0 1.24744 0.0316367
2457516.372199 0 1.40994 0.0324464
2457516.372237 0 1.46433 0.0341633
2457516.372276 0 1.53348 0.0351822
2457516.372315 0 1.57718 0.0354132
2457516.372354 0 1.65329 0.0381588
2457516.372393 0 1.60232 0.0376381
2457516.372431 0 1.47162 0.034653
2457516.372470 0 1.49314 0.034251
2457516.372509 0 1.42658 0.03419
2457516.372548 0 1.35395 0.0329906
2457516.372586 0 1.32508 0.0315859
2457516.372625 0 1.12745 0.0293858
2457516.372664 0 0.962196 0.026547
2457516.372703 0 0.785346 0.0243809
2457516.372742 0 0.537354 0.0229865
2457516.372780 0 0.519306 0.0219316
2457516.372819 0 0.4949 0.0218716
2457516.372858 0 0.440291 0.0209472
2457516.372897 0 0.476786 0.0219037
2457516.372935 0 0.429524 0.0221203
2457516.372974 0 0.356782 0.0213592
2457516.373013 0 0.822415 0.0263304
2457516.373052 0 1.09661 0.0291671
2457516.373090 0 1.43851 0.0331608
2457516.373129 0 1.39058 0.0321608
2457516.373168 0 1.22686 0.0297425
2457516.373207 0 1.27626 0.0303107
2457516.373246 0 1.39666 0.0313857
2457516.373284 0 1.3326 0.032413
2457516.373323 0 1.19989 0.030423
2457516.373362 0 1.2004 0.0307122
2457516.373401 0 1.16976 0.0301542
2457516.373439 0 1.15222 0.0298791
2457516.373478 0 1.09399 0.028916
2457516.373517 0 1.13818 0.0297918
2457516.373556 0 1.20832 0.029817
2457516.373595 0 1.38547 0.034557
2457516.373633 0 1.49671 0.0363998
2457516.373672 0 1.4161 0.0336332
2457516.373711 0 1.40033 0.0344375
2457516.373750 0 1.41229 0.0344078
2457516.373788 0 1.45478 0.0350591
2457516.373827 0 1.39453 0.03459
2457516.373866 0 1.30438 0.0327282
2457516.373905 0 1.41144 0.0341752
2457516.373944 0 1.41182 0.034892
2457516.373982 0 1.1511 0.0299031
2457516.374021 0 0.979113 0.0281687
2457516.374060 0 0.925098 0.026675
2457516.374099 0 0.858784 0.0262194
2457516.374137 0 0.78124 0.0255477
2457516.374176 0 0.56933 0.0231988
2457516.374215 0 0.190463 0.0206185
2457516.374254 0 0.133565 0.0201629
2457516.374292 0 -0.020104 0.0196684
2457516.374331 0 0.20095 0.0209317
2457516.374370 0 0.255888 0.0212865
2457516.374409 0 0.665603 0.023825
2457516.374448 0 1.11035 0.029694
2457516.374486 0 1.34194 0.0331887
2457516.374525 0 1.33259 0.0328049
2457516.374564 0 1.26654 0.0320022
2457516.374603 0 1.21783 0.0315223
2457516.374641 0 1.25688 0.0314866
2457516.374680 0 1.19608 0.0308911
2457516.374719 0 1.0875 0.0297754
2457516.374758 0 1.07529 0.0294614
2457516.374797 0 1.15147 0.0290497
2457516.374835 0 1.12073 0.0294711
2457516.374874 0 1.10938 0.0294704
2457516.374913 0 1.22614 0.031978
2457516.374952 0 1.39873 0.0339083
2457516.374990 0 1.53646 0.0373786
2457516.375029 0 1.47133 0.0348066
2457516.375068 0 1.44504 0.0348522
2457516.375107 0 1.45716 0.0357485
2457516.375145 0 1.48901 0.0359892
2457516.375184 0 1.43068 0.0357798
2457516.375223 0 1.39551 0.0353048
2457516.375262 0 1.41982 0.0346212
2457516.375301 0 1.40301 0.0337762
2457516.375339 0 1.24975 0.0315047
2457516.375378 0 0.969294 0.0278297
2457516.375417 0 0.720568 0.025538
2457516.375456 0 0.613971 0.0241813
2457516.375494 0 0.555819 0.0242083
2457516.375533 0 0.551314 0.0238938
2457516.375572 0 0.509237 0.0234554
2457516.375611 0 0.583369 0.0246337
2457516.375650 0 0.492683 0.023354
2457516.375688 0 0.616753 0.0248081
2457516.375727 0 0.714958 0.0251301
2457516.375766 0 0.950035 0.0278729
2457516.375805 0 1.05053 0.0295839
2457516.375843 0 1.2444 0.0323913
2457516.375882 0 1.23891 0.033627
2457516.375921 0 1.16999 0.0321669
2457516.375960 0 1.28412 0.0333011
2457516.375999 0 1.29146 0.0332973
2457516.376037 0 1.1536 0.0309731
2457516.376076 0 1.04031 0.0285872
2457516.376115 0 0.949603 0.0277204
2457516.376154 0 0.876753 0.0271413
2457516.376192 0 0.910831 0.0277244
2457516.376231 0 0.966561 0.0286926
2457516.376270 0 1.02316 0.0278519
2457516.376309 0 1.06741 0.0294112
2457516.376347 0 1.19158 0.0320699
2457516.376386 0 1.31744 0.0333935
2457516.376425 0 1.28829 0.0330133
2457516.376464 0 1.40494 0.0342376
2457516.376503 0 1.52823 0.0355764
2457516.376541 0 1.42486 0.0361942
2457516.376580 0 1.40004 0.0348858
2457516.376619 0 1.42073 0.0341582
2457516.376658 0 1.4326 0.0362585
2457516.376696 0 1.35214 0.0351731
2457516.376735 0 1.19639 0.0325193
2457516.376774 0 0.943848 0.0274426
2457516.376813 0 0.689216 0.025145
2457516.376852 0 0.497431 0.0235101
2457516.376890 0 0.501369 0.0231147
2457516.376929 0 0.415789 0.0212952
2457516.376968 0 -0.0691129 0.0197725
2457516.377007 0 -0.120489 0.0199174
2457516.377045 0 0.132501 0.020516
2457516.377084 0 0.305452 0.0216845
2457516.377123 0 0.68852 0.0257303
2457516.377162 0 1.04667 0.0304047
2457516.377200 0 1.2393 0.0333825
2457516.377239 0 1.27561 0.0322707
2457516.377278 0 1.2504 0.0315491
2457516.377317 0 1.23589 0.0322789
2457516.377356 0 1.24111 0.0312614
2457516.377394 0 1.16561 0.0301007
2457516.377433 0 1.07305 0.0286565
2457516.377472 0 1.08255 0.0290194
2457516.377511 0 0.941342 0.0271081
2457516.377549 0 0.853319 0.0264015
2457516.377588 0 0.862853 0.0263997
2457516.377627 0 1.12109 0.0296242
2457516.377666 0 1.13401 0.0305701
2457516.377705 0 1.28908 0.0314867
2457516.377743 0 1.21071 0.0322678
2457516.377782 0 1.26549 0.0321606
2457516.377821 0 1.41505 0.0364318
2457516.377860 0 1.50436 0.0379404
2457516.377898 0 1.57859 0.0408392
2457516.377937 0 1.46525 0.0376429
2457516.377976 0 1.47922 0.0386771
2457516.378015 0 1.36846 0.0364602
2457516.378054 0 1.24073 0.0324262
2457516.378092 0 0.992497 0.0289871
2457516.378131 0 0.650913 0.0248252
2457516.378170 0 0.511089 0.023417
2457516.378209 0 0.404134 0.0228583
2457516.378247 0 0.385209 0.0229011
2457516.378286 0 0.317665 0.0215453
2457516.378325 0 0.277648 0.0216748
2457516.378364 0 0.409232 0.0225548
2457516.378402 0 0.395333 0.0223068
2457516.378441 0 0.456381 0.0229651
2457516.378480 0 0.569082 0.0237762
2457516.378519 0 0.929674 0.027009
2457516.378558 0 1.19386 0.0308579
2457516.378596 0 1.26169 0.0322976
2457516.378635 0 1.33065 0.0329679
2457516.378674 0 1.29744 0.0321794
2457516.378713 0 1.27857 0.0323783
2457516.378751 0 1.13995 0.030229
2457516.378790 0 1.05536 0.0284603
2457516.378829 0 1.05909 0.0286326
2457516.378868 0 1.00193 0.0289809
2457516.378907 0 0.882959 0.0262888
2457516.378945 0 0.843419 0.0259814
2457516.378984 0 0.928941 0.027012
2457516.379023 0 1.02969 0.0288562
2457516.379062 0 1.03621 0.028986
2457516.379100 0 1.07316 0.0285142
2457516.379139 0 1.10604 0.0286404
2457516.379178 0 1.21017 0.0305325
2457516.379217 0 1.4135 0.0337512
2457516.379256 0 1.38888 0.0334583
2457516.379294 0 1.41446 0.0343957
2457516.379333 0 1.38009 0.0339868
2457516.379372 0 1.34833 0.033471
2457516.379411 0 1.19123 0.0303369
2457516.379449 0 0.982296 0.027431
2457516.379488 0 0.905228 0.0269717
2457516.379527 0 0.777603 0.0265654
2457516.379566 0 0.646329 0.0247551
2457516.379604 0 0.512352 0.023284
2457516.379643 0 0.550733 0.0232399
2457516.379682 0 0.509548 0.0225428
2457516.379721 0 0.436685 0.0225971
2457516.379760 0 0.180249 0.0207465
2457516.379798 0 0.0425794 0.0197568
2457516.379837 0 0.271674 0.0213491
2457516.379876 0 0.79515 0.0254444
2457516.379915 0 1.0329 0.0278361
2457516.379953 0 1.20956 0.0310027
2457516.379992 0 1.10965 0.029989
2457516.380031 0 1.1041 0.0291533
2457516.380070 0 1.16551 0.0299076
2457516.380109 0 1.17335 0.0304455
2457516.380147 0 1.08823 0.0285802
2457516.380186 0 1.07202 0.02791
2457516.380225 0 1.03826 0.0279714
2457516.380264 0 0.953533 0.0274479
2457516.380302 0 0.84231 0.0265219
2457516.380341 0 0.921596 0.027143
2457516.380380 0 1.10214 0.0297106
2457516.380419 0 1.11033 0.0296379
2457516.380457 0 1.18181 0.031064
2457516.380496 0 1.15532 0.03015
2457516.380535 0 1.34679 0.0318161
2457516.380574 0 1.3242 0.0329521
2457516.380613 0 1.28969 0.0316522
2457516.380651 0 1.23014 0.0316985
2457516.380690 0 1.20496 0.0319426
2457516.380729 0 1.18973 0.0311388
2457516.380768 0 1.06455 0.0295312
2457516.380806 0 0.960104 0.0291762
2457516.380845 0 0.822339 0.0272115
2457516.380884 0 0.624277 0.0250677
2457516.380923 0 0.513766 0.0233111
2457516.380962 0 0.462401 0.0231066
2457516.381000 0 0.469194 0.0224952
2457516.381039 0 0.493201 0.0233809
2457516.381078 0 0.375903 0.0225289
2457516.381117 0 0.1514 0.0210395
2457516.381155 0 0.127487 0.0207937
2457516.381194 0 0.387396 0.0223643
2457516.381233 0 0.703237 0.0245201
2457516.381272 0 0.943577 0.0275741
2457516.381311 0 1.06335 0.0284735
2457516.381349 0 1.17288 0.0304177
2457516.381388 0 1.10415 0.0295968
2457516.381427 0 1.21535 0.0320077
2457516.381466 0 1.24779 0.0318047
2457516.381504 0 1.04705 0.0289881
2457516.381543 0 0.977731 0.0271732
2457516.381582 0 0.934098 0.0264148
2457516.381621 0 0.763954 0.0252654
2457516.381659 0 0.662663 0.0247161
2457516.381698 0 0.707801 0.0250494
2457516.381737 0 0.884611 0.0271103
2457516.381776 0 1.01097 0.029388
2457516.381815 0 0.932359 0.0285628
2457516.381853 0 0.96772 0.028316
2457516.381892 0 1.01184 0.0286601
2457516.381931 0 1.14383 0.0299817
2457516.381970 0 1.20855 0.0314427
2457516.382008 0 1.22576 0.0315523
2457516.382047 0 1.19581 0.0316654
2457516.382086 0 1.13288 0.0302769
2457516.382125 0 1.04178 0.0298217
2457516.382164 0 1.02829 0.0290975
2457516.382202 0 0.752113 0.0260849
2457516.382241 0 0.580137 0.0241544
2457516.382280 0 0.386129 0.0224596
2457516.382319 0 0.197922 0.0211074
2457516.382357 0 0.108586 0.020363
2457516.382396 0 -0.233828 0.0190033
2457516.382435 0 -0.331505 0.0181133
2457516.382474 0 -0.354749 0.0181285
2457516.382512 0 -0.156841 0.0192771
2457516.382551 0 0.243803 0.0214414
2457516.382590 0 0.444125 0.0239237
2457516.382629 0 0.711099 0.0254163
2457516.382668 0 0.929332 0.0285115
2457516.382706 0 0.971263 0.0282251
2457516.382745 0 1.00525 0.0290267
2457516.382784 0 0.990497 0.0283312
2457516.382823 0 1.07174 0.0301459
2457516.382861 0 0.998444 0.0289457
2457516.382900 0 0.876485 0.0280761
2457516.382939 0 0.774698 0.0265536
2457516.382978 0 0.663843 0.0247245
2457516.383017 0 0.631762 0.0247025
2457516.383055 0 0.69537 0.0262556
2457516.383094 0 0.830908 0.0283493
2457516.383133 0 0.999428 0.0302774
2457516.383172 0 0.894403 0.0286162
2457516.383210 0 0.957434 0.0288268
2457516.383249 0 1.07245 0.0290379
2457516.383288 0 1.17502 0.0306519
2457516.383327 0 1.24356 0.0312252
2457516.383366 0 1.22416 0.0323274
2457516.383404 0 1.24849 0.0314651
2457516.383443 0 1.15101 0.0303856
2457516.383482 0 1.09 0.031064
2457516.383521 0 0.950374 0.0296622
2457516.383559 0 0.81279 0.0282395
2457516.383598 0 0.647153 0.0257612
2457516.383637 0 0.448295 0.0241593
2457516.383676 0 0.255431 0.0216672
2457516.383714 0 0.0556796 0.0206072
2457516.383753 0 -0.0191828 0.0197421
2457516.383792 0 -0.162819 0.0199571
2457516.383831 0 -0.242695 0.0191454
2457516.383870 0 -0.352695 0.0187467
2457516.383908 0 0.0431542 0.0203344
2457516.383947 0 0.412825 0.0227173
2457516.383986 0 0.702321 0.0248335
2457516.384025 0 0.963229 0.028034
2457516.384063 0 0.941143 0.0275885
2457516.384102 0 0.926504 0.0278998
2457516.384141 0 0.917564 0.0277967
2457516.384180 0 0.871083 0.02762
2457516.384219 0 0.835295 0.0273568
2457516.384257 0 0.779006 0.026114
2457516.384296 0 0.726901 0.0263573
2457516.384335 0 0.6558 0.0251256
2457516.384374 0 0.577423 0.0251272
2457516.384412 0 0.497747 0.0237969
2457516.384451 0 0.595036 0.0254361
2457516.384490 0 0.592541 0.0249048
2457516.384529 0 0.67041 0.0253195
2457516.384567 0 0.682304 0.0249573
2457516.384606 0 0.836465 0.0264529
2457516.384645 0 1.0108 0.0289929
2457516.384684 0 1.05545 0.0298028
2457516.384723 0 1.17048 0.0319522
2457516.384761 0 1.03505 0.0299874
2457516.384800 0 1.00873 0.0294491
2457516.384839 0 1.13661 0.0301848
2457516.384878 0 0.909711 0.0275617
2457516.384916 0 0.788064 0.0262688
2457516.384955 0 0.583977 0.024692
2457516.384994 0 0.418424 0.0236919
2457516.385033 0 0.251658 0.0223246
2457516.385072 0 0.118651 0.021406
2457516.385110 0 0.207252 0.0216623
2457516.385149 0 0.0652854 0.0212905
2457516.385188 0 -0.445703 0.0189635
2457516.385227 0 -0.424085 0.0182527
2457516.385265 0 0.0803874 0.0207584
2457516.385304 0 0.399964 0.0233084
2457516.385343 0 0.633666 0.0253983
2457516.385382 0 0.808239 0.0277319
2457516.385421 0 0.890046 0.0288785
2457516.385459 0 0.864927 0.0282047
2457516.385498 0 0.907908 0.0290552
2457516.385537 0 0.900549 0.0288818
2457516.385576 0 0.899005 0.0271425
2457516.385614 0 0.802476 0.0277422
2457516.385653 0 0.782498 0.0273207
2457516.385692 0 0.688735 0.0255091
2457516.385731 0 0.615432 0.024815
2457516.385769 0 0.591788 0.024239
2457516.385808 0 0.452679 0.0237351
2457516.385847 0 0.468604 0.0239426
2457516.385886 0 0.651688 0.0252913
2457516.385925 0 0.825024 0.0263424
2457516.385963 0 1.01431 0.029868
2457516.386002 0 1.08596 0.0307039
2457516.386041 0 1.09618 0.0308789
2457516.386080 0 1.06601 0.0300141
2457516.386118 0 1.03437 0.0301814
2457516.386157 0 0.944802 0.029699
2457516.386196 0 1.06548 0.0303836
2457516.386235 0 0.974681 0.0297742
2457516.386274 0 0.813894 0.0276778
2457516.386312 0 0.705254 0.0256896
2457516.386351 0 0.463652 0.0241249
2457516.386390 0 0.234387 0.0215851
2457516.386429 0 0.0982833 0.0212819
2457516.386467 0 0.0202654 0.0210278
2457516.386506 0 -0.16302 0.0203364
2457516.386545 0 -0.141287 0.0196255
2457516.386584 0 -0.0606198 0.0202445
2457516.386622 0 0.246969 0.0223564
2457516.386661 0 0.338838 0.022859
2457516.386700 0 0.573463 0.0253002
2457516.386739 0 0.853753 0.0275207
2457516.386778 0 0.909131 0.0291133
2457516.386816 0 0.932162 0.0285788
2457516.386855 0 0.851824 0.0273141
2457516.386894 0 0.793527 0.027394
2457516.386933 0 0.833368 0.0279741
2457516.386971 0 0.69956 0.0262485
2457516.387010 0 0.624283 0.0253078
2457516.387049 0 0.624221 0.0259354
2457516.387088 0 0.617706 0.0256106
2457516.387127 0 0.556814 0.0243942
2457516.387165 0 0.604496 0.0250898
2457516.387204 0 0.624607 0.0253864
2457516.387243 0 0.711034 0.0264966
2457516.387282 0 0.79378 0.0269101
2457516.387320 0 0.853188 0.0275788
2457516.387359 0 0.945357 0.0294801
2457516.387398 0 1.02702 0.0303201
2457516.387437 0 0.997834 0.0288592
2457516.387476 0 0.982481 0.0295316
2457516.387514 0 0.972381 0.0301692
2457516.387553 0 0.918513 0.0291539
2457516.387592 0 0.912558 0.0284499
2457516.387631 0 0.767764 0.0271268
2457516.387669 0 0.650778 0.0267943
2457516.387708 0 0.588036 0.0255287
2457516.387747 0 0.485198 0.0249665
2457516.387786 0 0.335439 0.0232493
2457516.387824 0 -0.0596881 0.0209302
2457516.387863 0 -0.558167 0.0184168
2457516.387902 0 -0.65478 0.0184453
2457516.387941 0 -0.727994 0.0184393
2457516.387980 0 -0.306152 0.0193325
2457516.388018 0 0.0868017 0.0214772
2457516.388057 0 0.286864 0.0235761
2457516.388096 0 0.486326 0.0251536
2457516.388135 0 0.653467 0.0262126
2457516.388173 0 0.765812 0.0270032
2457516.388212 0 0.775354 0.0279769
2457516.388251 0 0.828264 0.0278064
2457516.388290 0 0.78937 0.0275914
2457516.388329 0 0.736305 0.0268211
2457516.388367 0 0.708675 0.0266792
2457516.388406 0 0.627465 0.0263053
2457516.388445 0 0.626046 0.0257351
2457516.388484 0 0.601048 0.0253529
2457516.388522 0 0.59742 0.0254192
2457516.388561 0 0.54664 0.0246035
2457516.388600 0 0.501881 0.0237098
2457516.388639 0 0.585298 0.0255244
2457516.388678 0 0.730255 0.0274871
2457516.388716 0 0.860035 0.0289677
2457516.388755 0 0.938137 0.0302006
2457516.388794 0 0.905413 0.0292786
2457516.388833 0 0.890858 0.0293566
2457516.388871 0 0.846391 0.0291664
2457516.388910 0 0.879544 0.028569
2457516.388949 0 0.84642 0.0297886
2457516.388988 0 0.726238 0.0274988
2457516.389026 0 0.479876 0.0237647
2457516.389065 0 0.357367 0.0230176
2457516.389104 0 0.202277 0.0223247
2457516.389143 0 -0.0407235 0.0210505
2457516.389182 0 -0.307368 0.0195941
2457516.389220 0 -0.504492 0.0195939
2457516.389259 0 -0.69174 0.0186979
2457516.389298 0 -0.695677 0.0185443
2457516.389337 0 -0.393181 0.0192921
2457516.389375 0 0.0707148 0.0213022
2457516.389414 0 0.317951 0.0237248
2457516.389453 0 0.532132 0.0259306
2457516.389492 0 0.617257 0.0264882
2457516.389531 0 0.737572 0.0277558
2457516.389569 0 0.772192 0.0274291
2457516.389608 0 0.770882 0.02751
2457516.389647 0 0.731187 0.0275421
2457516.389686 0 0.847753 0.028393
2457516.389724 0 0.628972 0.0265899
2457516.389763 0 0.477558 0.0248659
2457516.389802 0 0.408054 0.0234973
2457516.389841 0 0.349323 0.0234105
2457516.389879 0 0.369477 0.0238688
2457516.389918 0 0.257113 0.0230732
2457516.389957 0 0.334672 0.0241788
2457516.389996 0 0.455678 0.0247122
2457516.390035 0 0.509149 0.0257311
2457516.390073 0 0.593433 0.027537
2457516.390112 0 0.741069 0.0300776
2457516.390151 0 0.777752 0.0280387
2457516.390190 0 0.7467 0.0290981
2457516.390228 0 0.716973 0.0277355
2457516.390267 0 0.732071 0.0288598
2457516.390306 0 0.695737 0.0291475
2457516.390345 0 0.611885 0.0269074
2457516.390384 0 0.417239 0.0251038
2457516.390422 0 0.283057 0.0234832
2457516.390461 0 0.0247081 0.0216859
2457516.390500 0 -0.0910542 0.0211746
2457516.390539 0 -0.359803 0.0195383
2457516.390577 0 -0.455194 0.0191377
2457516.390616 0 -0.592179 0.01887
2457516.390655 0 -0.629891 0.0184856
2457516.390694 0 -0.462564 0.0193994
2457516.390733 0 -0.0601721 0.0211924
2457516.390771 0 0.262032 0.02364
2457516.390810 0 0.344964 0.0258985
2457516.390849 0 0.541833 0.0259706
2457516.390888 0 0.600974 0.0263078
2457516.390926 0 0.624929 0.0273642
2457516.390965 0 0.624636 0.0270546
2457516.391004 0 0.685535 0.0273463
2457516.391043 0 0.683178 0.0280618
2457516.391081 0 0.655901 0.0278486
2457516.391120 0 0.525736 0.0263479
2457516.391159 0 0.400047 0.0252891
2457516.391198 0 0.146245 0.0232053
2457516.391237 0 0.0485521 0.0227018
2457516.391275 0 0.137247 0.0234325
2457516.391314 0 0.364754 0.0249504
2457516.391353 0 0.491914 0.0257066
2457516.391392 0 0.540071 0.0266044
2457516.391430 0 0.567429 0.0262933
2457516.391469 0 0.597057 0.0277122
2457516.391508 0 0.632759 0.0264446
2457516.391547 0 0.707522 0.0276447
2457516.391586 0 0.669635 0.0271433
2457516.391624 0 0.643144 0.0276933
2457516.391663 0 0.626125 0.0272021
2457516.391702 0 0.630601 0.0271661
2457516.391741 0 0.364873 0.0266016
2457516.391779 0 0.22497 0.024227
2457516.391818 0 0.0435633 0.0221304
2457516.391857 0 -0.0807096 0.0210403
2457516.391896 0 -0.191312 0.0211414
2457516.391934 0 -0.409127 0.0198416
2457516.391973 0 -0.594378 0.0192651
2457516.392012 0 -0.742172 0.0188957
2457516.392051 0 -0.52383 0.0192153
2457516.392090 0 -0.145 0.0219848
2457516.392128 0 0.269521 0.023596
2457516.392167 0 0.382854 0.0256302
2457516.392206 0 0.368463 0.0270562
2457516.392245 0 0.443539 0.0266175
2457516.392283 0 0.546745 0.0280574
2457516.392322 0 0.523559 0.025887
2457516.392361 0 0.520256 0.0274005
2457516.392400 0 0.594163 0.027858
2457516.392439 0 0.539613 0.026986
2457516.392477 0 0.333992 0.025498
2457516.392516 0 0.322712 0.0256033
2457516.392555 0 0.192183 0.0242607
2457516.392594 0 0.141139 0.0230828
2457516.392632 0 0.238597 0.024229
2457516.392671 0 0.303986 0.024144
2457516.392710 0 0.297133 0.025182
2457516.392749 0 0.504038 0.0259539
2457516.392788 0 0.491157 0.0263662
2457516.392826 0 0.630913 0.0260331
2457516.392865 0 0.654817 0.0285227
2457516.392904 0 0.636224 0.0275695
2457516.392943 0 0.762579 0.0280109
2457516.392981 0 0.767577 0.0284788
2457516.393020 0 0.66982 0.0278947
2457516.393059 0 0.54141 0.0266504
2457516.393098 0 0.518587 0.0262879
2457516.393136 0 0.324813 0.0245132
2457516.393175 0 0.148385 0.0225781
2457516.393214 0 -0.141173 0.0214188
2457516.393253 0 -0.293312 0.0205074
2457516.393292 0 -0.918723 0.0191765
2457516.393330 0 -1.16981 0.0185554
2457516.393369 0 -0.895258 0.0191904
2457516.393408 0 -0.481167 0.0195206
2457516.393447 0 0.0107826 0.0221085
2457516.393485 0 0.184179 0.0233112
2457516.393524 0 0.373798 0.0245622
2457516.393563 0 0.3856 0.0256337
2457516.393602 0 0.462675 0.0268581
2457516.393641 0 0.538198 0.0269033
2457516.393679 0 0.573358 0.0285688
2457516.393718 0 0.488965 0.0261169
2457516.393757 0 0.454234 0.0255971
2457516.393796 0 0.450791 0.0268747
2457516.393834 0 0.40291 0.0259877
2457516.393873 0 0.26888 0.0251718
2457516.393912 0 0.275628 0.0260055
2457516.393951 0 0.246356 0.0250251
2457516.393989 0 0.189893 0.024929
2457516.394028 0 0.117658 0.0249828
2457516.394067 0 0.348844 0.0254189
2457516.394106 0 0.371824 0.0265922
2457516.394145 0 0.473695 0.0279875
2457516.394183 0 0.465169 0.0281554
2457516.394222 0 0.55671 0.0271906
2457516.394261 0 0.598516 0.0291795
2457516.394300 0 0.554902 0.0280456
2457516.394338 0 0.593606 0.0282911
2457516.394377 0 0.584658 0.0276734
2457516.394416 0 0.559777 0.0286641
2457516.394455 0 0.554953 0.0281886
2457516.394494 0 0.258882 0.025926
2457516.394532 0 0.0556978 0.0238496
2457516.394571 0 -0.038042 0.0225499
2457516.394610 0 -0.331608 0.020994
2457516.394649 0 -0.436081 0.020201
2457516.394687 0 -0.699166 0.0193057
2457516.394726 0 -0.808405 0.0193951
2457516.394765 0 -0.474074 0.0205623
2457516.394804 0 -0.0802287 0.0225069
2457516.394843 0 0.166301 0.0235983
2457516.394881 0 0.343627 0.0251228
2457516.394920 0 0.320907 0.0248001
2457516.394959 0 0.422472 0.0254287
2457516.394998 0 0.413492 0.0261984
2457516.395036 0 0.347699 0.0264238
2457516.395075 0 0.36316 0.024809
2457516.395114 0 0.384742 0.0249921
2457516.395153 0 0.410439 0.0248318
2457516.395191 0 0.334831 0.0251107
2457516.395230 0 0.428858 0.0251542
2457516.395269 0 0.204916 0.0239636
2457516.395308 0 0.0542896 0.0220126
2457516.395347 0 0.0541789 0.0219074
2457516.395385 0 0.16497 0.0230805
2457516.395424 0 0.237177 0.0239921
2457516.395463 0 0.306488 0.024461
2457516.395502 0 0.407627 0.0250325
2457516.395540 0 0.40267 0.025498
2457516.395579 0 0.492464 0.0270323
2457516.395618 0 0.488357 0.02696
2457516.395657 0 0.477265 0.0263212
2457516.395696 0 0.455538 0.0256431
2457516.395734 0 0.479331 0.0260619
2457516.395773 0 0.514289 0.0260893
2457516.395812 0 0.390106 0.0252906
2457516.395851 0 0.249492 0.0243224
2457516.395889 0 0.0490347 0.0221564
2457516.395928 0 -0.0121657 0.0219358
2457516.395967 0 -0.261293 0.0200804
2457516.396006 0 -0.316387 0.0199745
2457516.396044 0 -0.691857 0.0194784
2457516.396083 0 -0.713196 0.019541
2457516.396122 0 -0.570799 0.0196165
2457516.396161 0 -0.212021 0.0212611
2457516.396200 0 0.0413865 0.0241025
2457516.396238 0 0.170545 0.0250445
2457516.396277 0 0.257908 0.0245167
2457516.396316 0 0.295847 0.0243367
2457516.396355 0 0.332919 0.0249197
2457516.396393 0 0.318949 0.0253537
2457516.396432 0 0.330055 0.0257851
2457516.396471 0 0.293682 0.0256001
2457516.396510 0 0.30522 0.0255888
2457516.396549 0 0.227931 0.0251974
2457516.396587 0 0.28627 0.0248454
2457516.396626 0 0.16375 0.0242022
2457516.396665 0 0.0860069 0.0231447
2457516.396704 0 0.0333696 0.0230806
2457516.396742 0 0.0540396 0.0235221
2457516.396781 0 0.124782 0.0239581
2457516.396820 0 0.179626 0.0247959
2457516.396859 0 0.31172 0.0263954
2457516.396898 0 0.332673 0.0257102
2457516.396936 0 0.362511 0.0266681
2457516.396975 0 0.419312 0.0271896
2457516.397014 0 0.38883 0.0258832
2457516.397053 0 0.456227 0.0277327
2457516.397091 0 0.428626 0.0271597
2457516.397130 0 0.387553 0.0261129
2457516.397169 0 0.376164 0.0260794
2457516.397208 0 0.254213 0.0254837
2457516.397246 0 0.0609805 0.0238559
2457516.397285 0 -0.0352077 0.0234675
2457516.397324 0 -0.275097 0.021764
2457516.397363 0 -0.380495 0.0214052
2457516.397402 0 -0.42008 0.0203114
2457516.397440 0 -0.577024 0.0207228
2457516.397479 0 -0.433309 0.0207304
2457516.397518 0 -0.52305 0.0205979
2457516.397557 0 -0.24969 0.0216826
2457516.397595 0 -0.0199026 0.0242916
2457516.397634 0 0.114058 0.0252466
2457516.397673 0 0.22576 0.025445
2457516.397712 0 0.346533 0.0266844
2457516.397751 0 0.294393 0.0260208
2457516.397789 0 0.301717 0.0257282
2457516.397828 0 0.319634 0.025857
2457516.397867 0 0.278268 0.0259822
2457516.397906 0 0.310504 0.0247579
2457516.397944 0 0.292932 0.0256793
2457516.397983 0 0.218951 0.0253336
2457516.398022 0 0.14224 0.0241709
2457516.398061 0 0.0208397 0.0235793
2457516.398100 0 0.0289984 0.0235342
2457516.398138 0 0.111151 0.0238165
2457516.398177 0 0.266059 0.0253659
2457516.398216 0 0.357482 0.025836
2457516.398255 0 0.366675 0.0265505
2457516.398293 0 0.39688 0.0269968
2457516.398332 0 0.331236 0.027003
2457516.398371 0 0.415748 0.027432
2457516.398410 0 0.430739 0.0275918
2457516.398448 0 0.465252 0.027453
2457516.398487 0 0.336452 0.0274439
2457516.398526 0 0.393692 0.0273531
2457516.398565 0 0.288146 0.0262288
2457516.398604 0 0.138489 0.0240978
2457516.398642 0 -0.026744 0.023538
2457516.398681 0 -0.300172 0.0218383
2457516.398720 0 -0.559556 0.0205697
2457516.398759 0 -0.567411 0.0209723
2457516.398797 0 -0.539575 0.02033
2457516.398836 0 -0.608282 0.0207543
2457516.398875 0 -0.443 0.0207483
2457516.398914 0 -0.124018 0.022371
2457516.398953 0 -0.0528595 0.0245578
2457516.398991 0 0.0727434 0.0245018
2457516.399030 0 0.0841411 0.0239705
2457516.399069 0 0.153589 0.0242821
2457516.399108 0 0.241962 0.0253377
2457516.399146 0 0.19851 0.0248239
2457516.399185 0 0.256107 0.024961
2457516.399224 0 0.275756 0.025021
2457516.399263 0 0.308372 0.0257828
2457516.399301 0 0.213825 0.0250755
2457516.399340 0 0.203873 0.0244859
2457516.399379 0 0.0694015 0.0228797
2457516.399418 0 -0.056675 0.0232254
2457516.399457 0 -0.0952881 0.0229947
2457516.399495 0 -0.153034 0.0224646
2457516.399534 0 -0.132166 0.0224596
2457516.399573 0 0.134594 0.0239696
2457516.399612 0 0.426083 0.0259384
2457516.399650 0 0.349426 0.0265611
2457516.399689 0 0.394872 0.0269067
2457516.399728 0 0.454326 0.0272511
2457516.399767 0 0.354597 0.0269707
2457516.399806 0 0.488268 0.0281133
2457516.399844 0 0.39154 0.0268902
2457516.399883 0 0.377979 0.0266386
2457516.399922 0 0.278417 0.0261073
2457516.399961 0 0.212887 0.0258045
2457516.399999 0 0.0893804 0.0245121
2457516.400038 0 -0.0938889 0.0236581
2457516.400077 0 -0.144766 0.0227125
2457516.400116 0 -0.251177 0.0219854
2457516.400155 0 -0.407112 0.0213377
2457516.400193 0 -0.597321 0.0211039
2457516.400232 0 -0.614144 0.0208027
2457516.400271 0 -0.202095 0.0218872
2457516.400310 0 -0.0608508 0.0238596
2457516.400348 0 0.0724103 0.0253516
2457516.400387 0 0.1153 0.0246572
2457516.400426 0 0.215623 0.0266319
2457516.400465 0 0.25544 0.0270295
2457516.400503 0 0.190105 0.0259311
2457516.400542 0 0.283016 0.0266645
2457516.400581 0 0.298878 0.0260008
2457516.400620 0 0.247085 0.025843
2457516.400659 0 0.0815186 0.0250952
2457516.400697 0 0.0745851 0.0242467
2457516.400736 0 0.0432729 0.0236272
2457516.400775 0 0.013798 0.0238704
2457516.400814 0 -0.0973815 0.0226752
2457516.400852 0 -0.118241 0.0238078
2457516.400891 0 0.0133219 0.0243499
2457516.400930 0 0.105686 0.0255157
2457516.400969 0 0.173793 0.0256395
2457516.401008 0 0.299308 0.0264709
2457516.401046 0 0.303357 0.0273129
2457516.401085 0 0.308781 0.0257952
2457516.401124 0 0.288646 0.0259943
2457516.401163 0 0.307034 0.0251486
2457516.401201 0 0.323244 0.0266111
2457516.401240 0 0.327182 0.0257089
2457516.401279 0 0.23635 0.0249323
2457516.401318 0 -0.0234094 0.0236192
2457516.401356 0 -0.287539 0.0220163
2457516.401395 0 -0.531307 0.0208704
2457516.401434 0 -0.542996 0.0206991
2457516.401473 0 -0.688067 0.020343
2457516.401512 0 -0.695437 0.0200219
2457516.401550 0 -0.645029 0.0207482
2457516.401589 0 -0.443423 0.021609
2457516.401628 0 -0.290567 0.0219979
2457516.401667 0 -0.0908894 0.0236233
2457516.401705 0 -0.0298413 0.0248145
2457516.401744 0 0.0329162 0.0244439
2457516.401783 0 0.122367 0.0250253
2457516.401822 0 0.0949816 0.0251551
2457516.401861 0 0.147247 0.025003
2457516.401899 0 0.0755647 0.0249955
2457516.401938 0 0.0912931 0.0253091
2457516.401977 0 0.0992001 0.0250295
2457516.402016 0 -0.0638483 0.0259521
2457516.402054 0 0.0220412 0.0248647
2457516.402093 0 -0.106267 0.0232104
2457516.402132 0 -0.244934 0.0223197
2457516.402171 0 -0.368115 0.0217995
2457516.402210 0 -0.287063 0.0216475
2457516.402248 0 -0.0905359 0.0232372
2457516.402287 0 0.0196041 0.0242438
2457516.402326 0 0.0904006 0.0241026
2457516.402365 0 0.176915 0.0258028
2457516.402403 0 0.236314 0.0255941
2457516.402442 0 0.15072 0.0261964
2457516.402481 0 0.238714 0.0258376
2457516.402520 0 0.184885 0.0249293
2457516.402558 0 0.184713 0.0252917
2457516.402597 0 0.212909 0.0248354
2457516.402636 0 0.151015 0.0252773
2457516.402675 0 0.038549 0.0248436
2457516.402714 0 -0.136664 0.0221516
2457516.402752 0 -0.332587 0.0215898
2457516.402791 0 -0.490058 0.0220982
2457516.402830 0 -0.801158 0.0204984
2457516.402869 0 -0.836268 0.0210025
2457516.402907 0 -0.824607 0.0202598
2457516.402946 0 -0.809799 0.0202269
2457516.402985 0 -0.611822 0.0211524
2457516.403024 0 -0.391329 0.0222833
2457516.403063 0 -0.226532 0.0226979
2457516.403101 0 -0.116607 0.0234961
2457516.403140 0 -0.0406565 0.0249673
2457516.403179 0 -0.0701811 0.0248328
2457516.403218 0 -0.0682945 0.0252742
2457516.403256 0 -0.00209887 0.0240904
2457516.403295 0 0.044874 0.0237506
2457516.403334 0 -0.0714271 0.0233165
2457516.403373 0 -0.0552468 0.0232456
2457516.403411 0 -0.0955914 0.0232319
2457516.403450 0 -0.21814 0.0224495
2457516.403489 0 -0.37996 0.0218984
2457516.403528 0 -0.344946 0.0221074
2457516.403567 0 -0.342693 0.022817
2457516.403605 0 -0.205391 0.0232477
2457516.403644 0 -0.099242 0.0251389
2457516.403683 0 0.0110447 0.0245646
2457516.403722 0 0.0265724 0.0247473
2457516.403760 0 0.0887004 0.0245249
2457516.403799 0 0.0872016 0.0247067
2457516.403838 0 0.0165671 0.0246137
2457516.403877 0 0.117881 0.0246836
2457516.403916 0 0.0357357 0.025263
2457516.403954 0 0.0336383 0.0248934
2457516.403993 0 0.0751248 0.0249982
2457516.404032 0 -0.0609217 0.0245132
2457516.404071 0 -0.219943 0.0230149
2457516.404109 0 -0.418845 0.0218365
2457516.404148 0 -0.630191 0.0211294
2457516.404187 0 -0.888682 0.0204035
2457516.404226 0 -0.94113 0.0198032
2457516.404265 0 -0.792676 0.0214943
2457516.404303 0 -0.786705 0.0209461
2457516.404342 0 -0.690679 0.0213231
2457516.404381 0 -0.421555 0.0223199
2457516.404420 0 -0.250438 0.0232351
2457516.404458 0 -0.213193 0.0235808
2457516.404497 0 -0.170451 0.0235712
2457516.404536 0 -0.106029 0.0246276
2457516.404575 0 -0.0142444 0.0244264
2457516.404613 0 -0.0624798 0.0246716
2457516.404652 0 -0.0429393 0.0242718
2457516.404691 0 -0.0366258 0.0245178
2457516.404730 0 -0.04298 0.0243796
2457516.404769 0 -0.152379 0.023296
2457516.404807 0 -0.253736 0.0229223
2457516.404846 0 -0.40304 0.0223885
2457516.404885 0 -0.550045 0.0221172
2457516.404924 0 -0.488883 0.0215331
2457516.404962 0 -0.398158 0.022601
2457516.405001 0 -0.303739 0.0231176
2457516.405040 0 -0.207486 0.0241
2457516.405079 0 -0.0911071 0.0249629
2457516.405118 0 -0.041588 0.0243319
2457516.405156 0 -0.0848655 0.0245797
2457516.405195 0 -0.077083 0.0266194
2457516.405234 0 -0.0777937 0.0256851
2457516.405273 0 -0.137776 0.0256232
2457516.405311 0 -0.147893 0.0254274
2457516.405350 0 -0.124693 0.0249719
2457516.405389 0 -0.133243 0.0256128
2457516.405428 0 -0.299239 0.0251174
2457516.405467 0 -0.421564 0.0221007
2457516.405505 0 -0.751199 0.0209971
2457516.405544 0 -0.909587 0.0201966
2457516.405583 0 -0.858233 0.0200906
2457516.405622 0 -0.688979 0.0213348
2457516.405660 0 -0.639712 0.0223934
2457516.405699 0 -0.572462 0.0229307
2457516.405738 0 -0.443096 0.0233103
2457516.405777 0 -0.272748 0.0233599
2457516.405815 0 -0.282462 0.0242473
2457516.405854 0 -0.184573 0.0243431
2457516.405893 0 -0.157564 0.0244218
2457516.405932 0 -0.12615 0.0246704
2457516.405971 0 -0.0868678 0.0247569
2457516.406009 0 -0.209023 0.0247604
2457516.406048 0 -0.0839906 0.0250965
2457516.406087 0 -0.192518 0.0252913
2457516.406126 0 -0.248557 0.0251
2457516.406164 0 -0.334426 0.024936
2457516.406203 0 -0.377117 0.0237689
2457516.406242 0 -0.447275 0.023499
2457516.406281 0 -0.669571 0.0227218
2457516.406320 0 -0.534415 0.0229416
2457516.406358 0 -0.352482 0.0239212
2457516.406397 0 -0.195433 0.0253738
2457516.406436 0 -0.111681 0.0252694
2457516.406475 0 -0.0918237 0.0258405
2457516.406513 0 -0.0885713 0.0254222
2457516.406552 0 -0.12331 0.0254268
2457516.406591 0 -0.0916082 0.0257078
2457516.406630 0 -0.0302204 0.0268482
2457516.406668 0 -0.0429028 0.0256396
2457516.406707 0 -0.0581919 0.0247569
2457516.406746 0 -0.12588 0.0248092
2457516.406785 0 -0.295555 0.0237792
2457516.406824 0 -0.572879 0.0236458
2457516.406862 0 -0.710188 0.0226523
2457516.406901 0 -0.855588 0.0214429
2457516.406940 0 -0.99446 0.0213697
2457516.406979 0 -0.945993 0.0212795
2457516.407017 0 -0.844824 0.0218816
2457516.407056 0 -0.871931 0.0216973
2457516.407095 0 -0.721966 0.0224948
2457516.407134 0 -0.482589 0.0229579
2457516.407173 0 -0.283267 0.0231531
2457516.407211 0 -0.20188 0.0241243
2457516.407250 0 -0.191543 0.0254113
2457516.407289 0 -0.185463 0.0262191
2457516.407328 0 -0.163869 0.0262539
2457516.407366 0 -0.209362 0.0266749
2457516.407405 0 -0.218624 0.0266781
2457516.407444 0 -0.211347 0.0256006
2457516.407483 0 -0.318981 0.0250949
2457516.407522 0 -0.33963 0.0259072
2457516.407560 0 -0.438576 0.0239985
2457516.407599 0 -0.496441 0.02247
2457516.407638 0 -0.53884 0.0223424
2457516.407677 0 -0.580189 0.0233031
2457516.407715 0 -0.329811 0.0240547
2457516.407754 0 -0.242877 0.0254923
2457516.407793 0 -0.130138 0.0276057
2457516.407832 0 -0.0749034 0.0288756
2457516.407870 0 -0.0933969 0.0266234
2457516.407909 0 -0.103872 0.0293822
2457516.407948 0 -0.0785949 0.0271442
2457516.407987 0 -0.0612255 0.0272464
2457516.408026 0 -0.0336899 0.0286685
2457516.408064 0 -0.154768 0.0293321
2457516.408103 0 -0.101494 0.026963
2457516.408142 0 -0.205539 0.0256849
2457516.408181 0 -0.430486 0.0243878
2457516.408219 0 -0.678343 0.0241237
2457516.408258 0 -0.844743 0.022162
2457516.408297 0 -0.885518 0.0214916
2457516.408336 0 -0.86716 0.0215184
2457516.408375 0 -0.886435 0.0223636
2457516.408413 0 -0.770448 0.0224676
2457516.408452 0 -0.729498 0.022159
2457516.408491 0 -0.607415 0.0229718
2457516.408530 0 -0.447319 0.022988
2457516.408568 0 -0.349791 0.0234994
2457516.408607 0 -0.294133 0.0242252
2457516.408646 0 -0.211413 0.0249043
2457516.408685 0 -0.199588 0.0256896
2457516.408723 0 -0.205648 0.0251461
2457516.408762 0 -0.245616 0.0257638
2457516.408801 0 -0.255006 0.0257902
2457516.408840 0 -0.332685 0.0247574
2457516.408879 0 -0.395851 0.0244332
2457516.408917 0 -0.451877 0.0246039
2457516.408956 0 -0.585208 0.0245052
2457516.408995 0 -0.54392 0.0249915
2457516.409034 0 -0.452507 0.0240399
2457516.409072 0 -0.347604 0.0253416
2457516.409111 0 -0.150815 0.0260022
2457516.409150 0 -0.11754 0.0253119
2457516.409189 0 -0.132577 0.0260498
2457516.409228 0 -0.101651 0.0256177
2457516.409266 0 -0.0576885 0.0250396
2457516.409305 0 -0.0627965 0.025813
2457516.409344 0 -0.108693 0.0250124
2457516.409383 0 -0.0710336 0.025528
2457516.409421 0 -0.0839634 0.0248593
2457516.409460 0 -0.155211 0.0246733
2457516.409499 0 -0.324263 0.0247974
2457516.409538 0 -0.643398 0.0218785
2457516.409577 0 -0.853818 0.0216173
2457516.409615 0 -1.06906 0.0217636
2457516.409654 0 -1.14851 0.0217438
2457516.409693 0 -1.03272 0.021524
2457516.409732 0 -0.787557 0.0217687
2457516.409770 0 -0.748908 0.0244168
2457516.409809 0 -0.565662 0.023876
2457516.409848 0 -0.459491 0.023705
2457516.409887 0 -0.346863 0.0235135
2457516.409925 0 -0.325051 0.0237616
2457516.409964 0 -0.303686 0.0236313
2457516.410003 0 -0.185561 0.0238532
2457516.410042 0 -0.254426 0.0251403
2457516.410081 0 -0.163806 0.0250661
2457516.410119 0 -0.174682 0.0246672
2457516.410158 0 -0.149179 0.0249641
2457516.410197 0 -0.163856 0.0248439
2457516.410236 0 -0.315721 0.0242971
2457516.410274 0 -0.600151 0.0229736
2457516.410313 0 -0.751971 0.0226226
2457516.410352 0 -0.609112 0.0225975
2457516.410391 0 -0.667812 0.0232025
2457516.410430 0 -0.456341 0.0239598
2457516.410468 0 -0.321943 0.025541
2457516.410507 0 -0.15475 0.0264692
2457516.410546 0 -0.162669 0.0264267
2457516.410585 0 -0.127501 0.0259993
2457516.410623 0 -0.094325 0.0257985
2457516.410662 0 -0.115947 0.0267817
2457516.410701 0 -0.0846355 0.026471
2457516.410740 0 -0.0322016 0.0263663
2457516.410778 0 -0.113566 0.0258371
2457516.410817 0 -0.201195 0.0256417
2457516.410856 0 -0.305274 0.0244596
2457516.410895 0 -0.592741 0.0238573
2457516.410934 0 -0.756837 0.0231719
2457516.410972 0 -0.835456 0.0243578
2457516.411011 0 -0.842872 0.0238975
2457516.411050 0 -0.856371 0.0233178
2457516.411089 0 -0.846698 0.0236094
2457516.411127 0 -0.745389 0.0226962
2457516.411166 0 -0.538296 0.0236619
2457516.411205 0 -0.373738 0.0248792
2457516.411244 0 -0.307122 0.0254451
2457516.411283 0 -0.310624 0.0257298
2457516.411321 0 -0.247508 0.0262022
2457516.411360 0 -0.201885 0.0266815
2457516.411399 0 -0.192894 0.026072
2457516.411438 0 -0.231602 0.0257535
2457516.411476 0 -0.146287 0.0257526
2457516.411515 0 -0.195635 0.0269065
2457516.411554 0 -0.126391 0.0273237
2457516.411593 0 -0.342897 0.0267722
2457516.411632 0 -0.420741 0.0249118
2457516.411670 0 -0.510719 0.0241569
2457516.411709 0 -0.632678 0.0245285
2457516.411748 0 -0.554756 0.0238351
2457516.411787 0 -0.513053 0.0252833
2457516.411825 0 -0.360876 0.0262415
2457516.411864 0 -0.178497 0.0286819
2457516.411903 0 -0.20637 0.0290737
2457516.411942 0 -0.137073 0.0288816
2457516.411980 0 -0.136815 0.0277873
2457516.412019 0 -0.0477222 0.0276697
2457516.412058 0 -0.0766774 0.0270832
2457516.412097 0 -0.091184 0.0275889
2457516.412136 0 -0.108208 0.0277761
2457516.412174 0 -0.0953 0.0260895
2457516.412213 0 -0.240118 0.0264982
2457516.412252 0 -0.491713 0.0246287
2457516.412291 0 -0.611215 0.0245096
2457516.412329 0 -0.714347 0.024221
2457516.412368 0 -0.867395 0.0227822
2457516.412407 0 -0.859186 0.0227525
2457516.412446 0 -0.852408 0.0225862
2457516.412485 0 -0.72801 0.0227801
2457516.412523 0 -0.581004 0.0231153
2457516.412562 0 -0.542556 0.0237009
2457516.412601 0 -0.463712 0.0250835
2457516.412640 0 -0.288921 0.0250131
2457516.412678 0 -0.223966 0.025753
2457516.412717 0 -0.245094 0.025765
2457516.412756 0 -0.178307 0.0264637
2457516.412795 0 -0.153044 0.0269729
2457516.412833 0 -0.112315 0.0261194
2457516.412872 0 -0.286126 0.026499
2457516.412911 0 -0.252414 0.0255071
2457516.412950 0 -0.38347 0.0241971
2457516.412989 0 -0.50227 0.0247511
2457516.413027 0 -0.491352 0.0232605
2457516.413066 0 -0.575388 0.0236548
2457516.413105 0 -0.529503 0.0236928
2457516.413144 0 -0.381009 0.0247512
2457516.413182 0 -0.208269 0.0248701
2457516.413221 0 -0.118272 0.0278176
2457516.413260 0 -0.00972469 0.0283935
2457516.413299 0 -0.0254975 0.0277203
2457516.413338 0 -0.0168409 0.0284345
2457516.413376 0 -0.0146869 0.0280796
2457516.413415 0 0.024295 0.0280814
2457516.413454 0 0.00509754 0.0278434
2457516.413493 0 0.0849755 0.0301151
2457516.413531 0 -0.0489361 0.0289799
2457516.413570 0 -0.127892 0.0282042
2457516.413609 0 -0.353514 0.0269089
2457516.413648 0 -0.662549 0.0246869
2457516.413687 0 -0.720066 0.0243276
2457516.413725 0 -0.805297 0.0243575
2457516.413764 0 -0.776577 0.0253112
2457516.413803 0 -0.852987 0.0245958
2457516.413842 0 -0.775746 0.0257246
2457516.413880 0 -0.543815 0.025543
2457516.413919 0 -0.407219 0.025782
2457516.413958 0 -0.322888 0.026595
2457516.413997 0 -0.347827 0.0275336
2457516.414035 0 -0.252702 0.0270874
2457516.414074 0 -0.273974 0.0294515
2457516.414113 0 -0.223253 0.028398
2457516.414152 0 -0.205998 0.0278992
2457516.414191 0 -0.171259 0.0271972
2457516.414229 0 -0.287678 0.026251
2457516.414268 0 -0.500415 0.0250855
2457516.414307 0 -0.568263 0.0253108
2457516.414346 0 -0.532241 0.0241942
2457516.414384 0 -0.50937 0.0251803
2457516.414423 0 -0.567703 0.0254329
2457516.414462 0 -0.502551 0.0254453
2457516.414501 0 -0.452713 0.025596
2457516.414540 0 -0.330476 0.0265743
2457516.414578 0 -0.208266 0.0264493
2457516.414617 0 -0.224842 0.0264794
2457516.414656 0 -0.219776 0.0259882
2457516.414695 0 -0.0981644 0.0265287
2457516.414733 0 -0.153667 0.0273672
2457516.414772 0 -0.113114 0.0287466
2457516.414811 0 -0.0456212 0.030059
2457516.414850 0 -0.0857086 0.0300821
2457516.414889 0 -0.139105 0.0292305
2457516.414927 0 -0.141992 0.0287019
2457516.414966 0 -0.331415 0.0269404
2457516.415005 0 -0.577958 0.025481
2457516.415044 0 -0.604202 0.0266626
2457516.415082 0 -0.699816 0.0253378
2457516.415121 0 -0.76357 0.0245125
2457516.415160 0 -0.661509 0.0244229
2457516.415199 0 -0.76302 0.0257729
2457516.415237 0 -0.661837 0.024652
2457516.415276 0 -0.565631 0.0250657
2457516.415315 0 -0.438371 0.0262108
2457516.415354 0 -0.392108 0.0278912
2457516.415393 0 -0.299854 0.0266585
2457516.415431 0 -0.277623 0.0274175
2457516.415470 0 -0.240934 0.0275716
2457516.415509 0 -0.274409 0.0282195
2457516.415548 0 -0.192593 0.0293085
2457516.415586 0 -0.14902 0.0298592
2457516.415625 0 -0.189602 0.0297202
2457516.415664 0 -0.280204 0.0276854
2457516.415703 0 -0.258337 0.0287878
2457516.415742 0 -0.315279 0.0275854
2457516.415780 0 -0.18757 0.0266503
2457516.415819 0 -0.245971 0.0268357
2457516.415858 0 -0.263481 0.0277244
2457516.415897 0 -0.141863 0.0284113
2457516.415935 0 -0.0484108 0.027239
2457516.415974 0 -0.00596707 0.0279748
2457516.416013 0 -0.00976665 0.0281536
2457516.416052 0 -0.045036 0.0295639
2457516.416090 0 0.0372099 0.0295371
2457516.416129 0 -0.0216856 0.0291048
2457516.416168 0 0.0161515 0.027086
2457516.416207 0 0.031174 0.0275652
2457516.416246 0 -0.0478302 0.0291999
2457516.416284 0 -0.093624 0.0276361
2457516.416323 0 -0.239986 0.0258929
2457516.416362 0 -0.65748 0.0232737
2457516.416401 0 -0.814866 0.0234989
2457516.416439 0 -0.883094 0.0228019
2457516.416478 0 -0.803528 0.0227423
2457516.416517 0 -0.767656 0.0238795
2457516.416556 0 -0.673537 0.023743
2457516.416595 0 -0.509438 0.0253414
2457516.416633 0 -0.500324 0.0254635
2457516.416672 0 -0.340277 0.0255468
2457516.416711 0 -0.291321 0.0263802
2457516.416750 0 -0.242967 0.0273186
2457516.416788 0 -0.306666 0.0271575
2457516.416827 0 -0.294378 0.0279828
2457516.416866 0 -0.180477 0.0276464
2457516.416905 0 -0.130275 0.0284439
2457516.416944 0 -0.171076 0.0283917
2457516.416982 0 -0.181845 0.0274704
2457516.417021 0 -0.234215 0.0290541
2457516.417060 0 -0.337061 0.0271357
2457516.417099 0 -0.291621 0.0270204
2457516.417137 0 -0.284058 0.0271731
2457516.417176 0 -0.430416 0.0274153
2457516.417215 0 -0.374587 0.0276572
2457516.417254 0 -0.176508 0.0298505
2457516.417292 0 -0.124782 0.0310458
2457516.417331 0 -0.0664261 0.0311902
2457516.417370 0 -0.0432137 0.0337362
2457516.417409 0 0.0346859 0.0314375
2457516.417448 0 -0.0621927 0.0306538
2457516.417486 0 0.0633754 0.0306106
2457516.417525 0 0.0553539 0.0301917
2457516.417564 0 0.0332173 0.0302391
2457516.417603 0 0.0519044 0.0317071
2457516.417641 0 -0.0907666 0.0311858
2457516.417680 0 -0.257446 0.0305272
2457516.417719 0 -0.572033 0.0289323
2457516.417758 0 -0.731926 0.0275276
2457516.417797 0 -0.701139 0.0263261
2457516.417835 0 -0.73057 0.0285503
2457516.417874 0 -0.749609 0.0276845
2457516.417913 0 -0.709468 0.0273876
2457516.417952 0 -0.653032 0.0282772
2457516.417990 0 -0.490503 0.0277998
2457516.418029 0 -0.334187 0.0290894
2457516.418068 0 -0.30744 0.0291776
2457516.418107 0 -0.256462 0.029429
2457516.418145 0 -0.195423 0.0291503
2457516.418184 0 -0.145424 0.029569
2457516.418223 0 -0.193377 0.0306598
2457516.418262 0 -0.163141 0.0297625
2457516.418301 0 -0.142843 0.0298595
2457516.418339 0 -0.135484 0.0319374
2457516.418378 0 -0.213615 0.0343041
2457516.418417 0 -0.340081 0.0320698
2457516.418456 0 -0.380021 0.030488
2457516.418494 0 -0.40778 0.0310557
2457516.418533 0 -0.41032 0.0305453
2457516.418572 0 -0.37174 0.0296129
2457516.418611 0 -0.175925 0.030296
2457516.418650 0 -0.178083 0.0306857
2457516.418688 0 -0.0654411 0.0313946
2457516.418727 0 -0.118048 0.0335935
2457516.418766 0 -0.107502 0.0345582
2457516.418805 0 -0.0387253 0.0333442
2457516.418843 0 -0.0656619 0.0344361
2457516.418882 0 -0.0422419 0.0343214
2457516.418921 0 -0.00248999 0.0328586
2457516.418960 0 -0.0396521 0.0341334
2457516.418999 0 0.00451409 0.0340734
2457516.419037 0 -0.130977 0.0331445
2457516.419076 0 -0.477734 0.030652
2457516.419115 0 -0.588912 0.0279936
2457516.419154 0 -0.615455 0.0273692
2457516.419192 0 -0.625775 0.0297699
2457516.419231 0 -0.65339 0.0297136
2457516.419270 0 -0.657177 0.0291767
2457516.419309 0 -0.510379 0.0285348
2457516.419347 0 -0.449327 0.0298045
2457516.419386 0 -0.319216 0.0296491
2457516.419425 0 -0.259554 0.0306365
2457516.419464 0 -0.182052 0.0316172
2457516.419503 0 -0.213315 0.0330088
2457516.419541 0 -0.265396 0.0311919
2457516.419580 0 -0.143877 0.0326777
2457516.419619 0 -0.104021 0.0339231
2457516.419658 0 -0.167901 0.032241
2457516.419696 0 -0.167923 0.0324862
2457516.419735 0 -0.350082 0.0307116
2457516.419774 0 -0.346494 0.0286097
2457516.419813 0 -0.382939 0.0301384
2457516.419852 0 -0.41588 0.0296768
2457516.419890 0 -0.330656 0.0299983
2457516.419929 0 -0.303641 0.0305439
2457516.419968 0 -0.201992 0.0313482
2457516.420007 0 -0.107433 0.0354163
2457516.420045 0 -0.114508 0.0350099
2457516.420084 0 -0.00501536 0.036718
2457516.420123 0 0.0467891 0.0354837
2457516.420162 0 -0.0131701 0.0336355
2457516.420200 0 0.0335308 0.0334967
2457516.420239 0 0.0252047 0.0355354
2457516.420278 0 0.0842783 0.0386658
2457516.420317 0 0.0138002 0.0387322
2457516.420356 0 -0.0551405 0.0382711
2457516.420394 0 -0.185051 0.035523
2457516.420433 0 -0.385073 0.0342182
2457516.420472 0 -0.614917 0.0310607
2457516.420511 0 -0.738318 0.0309148
2457516.420549 0 -0.695434 0.0331864
2457516.420588 0 -0.688559 0.031743
2457516.420627 0 -0.705789 0.032684
2457516.420666 0 -0.540958 0.0332727
2457516.420705 0 -0.469707 0.0318059
2457516.420743 0 -0.418279 0.0331243
2457516.420782 0 -0.293249 0.0354359
2457516.420821 0 -0.370242 0.0355591
2457516.420860 0 -0.204721 0.0331676
2457516.420898 0 -0.136498 0.0358177
2457516.420937 0 -0.150077 0.0345269
2457516.420976 0 -0.0389987 0.0379723
2457516.421015 0 -0.0735711 0.0381886
2457516.421054 0 -0.133904 0.0359494
2457516.421092 0 -0.260869 0.033786
2457516.421131 0 -0.410367 0.0320638
2457516.421170 0 -0.516866 0.032127
2457516.421209 0 -0.313919 0.0320678
2457516.421247 0 -0.254661 0.0333193
2457516.421286 0 -0.287849 0.0366489
2457516.421325 0 -0.22531 0.0371488
2457516.421364 0 -0.16431 0.0360671
2457516.421402 0 -0.148223 0.0366064
2457516.421441 0 -0.0607769 0.0366206
2457516.421480 0 -0.118781 0.0356711
2457516.421519 0 -0.0216313 0.0348987
2457516.421558 0 -0.088164 0.0446362
2457516.421596 0 -0.104994 0.0434304
2457516.421635 0 -0.0174715 0.0437857
2457516.421674 0 -0.0754738 0.0425938
2457516.421713 0 -0.0487098 0.0412005
2457516.421751 0 -0.106497 0.0383071
2457516.421790 0 -0.317176 0.0379466
2457516.421829 0 -0.515269 0.0346616
2457516.421868 0 -0.498983 0.0331089
2457516.421907 0 -0.597414 0.0329337
2457516.421945 0 -0.546174 0.0312163
2457516.421984 0 -0.657101 0.0318692
2457516.422023 0 -0.522073 0.0321136
2457516.422062 0 -0.534387 0.0363098
2457516.422100 0 -0.453862 0.0348036
2457516.422139 0 -0.372894 0.0365144
2457516.422178 0 -0.274994 0.040067
2457516.422217 0 -0.185554 0.040376
2457516.422255 0 -0.159147 0.0404813
2457516.422294 0 -0.0824147 0.0380262
2457516.422333 0 -0.147917 0.0405156
2457516.422372 0 -0.19716 0.0401134
2457516.422411 0 -0.17237 0.0414332
2457516.422449 0 -0.42219 0.0419478
2457516.422488 0 -0.532489 0.0365914
2457516.422527 0 -0.568266 0.0376722
2457516.422566 0 -0.562398 0.0400102
2457516.422604 0 -0.318871 0.0437873
2457516.422643 0 -0.40907 0.0482147
2457516.422682 0 -0.267529 0.0419949
2457516.422721 0 -0.349461 0.0463347
2457516.422760 0 -0.23702 0.0459113
2457516.422798 0 -0.153513 0.0479896
2457516.422837 0 -0.090487 0.0433264
2457516.422876 0 -0.0933451 0.0450569
2457516.422915 0 -0.0845311 0.046883
2457516.422953 0 -0.111542 0.0476612
2457516.422992 0 -0.00465649 0.0476094
2457516.423031 0 -0.0879928 0.0494717
2457516.423070 0 -0.0817604 0.0470789
2457516.423109 0 -0.176773 0.0519978
2457516.423147 0 -0.268638 0.0466533
2457516.423186 0 -0.596649 0.0466508
2457516.423225 0 -0.599105 0.0450768
2457516.423264 0 -0.519062 0.0446786
2457516.423302 0 -0.517771 0.047759
2457516.423341 0 -0.60113 0.0455838
2457516.423380 0 -0.76721 0.0530116
2457516.423419 0 -0.570756 0.0493096
2457516.423457 0 -0.507252 0.0437733
2457516.423496 0 -0.355406 0.0467506
2457516.423535 0 -0.285407 0.0491206
2457516.423574 0 -0.332714 0.0497512
2457516.423613 0 -0.0823604 0.0500404
2457516.423651 0 -0.17396 0.0492395
2457516.423690 0 -0.0734016 0.0455566
2457516.423729 0 -0.223866 0.0506735
2457516.423768 0 -0.234361 0.0491683
2457516.423806 0 -0.335492 0.0445288
2457516.423845 0 -0.556208 0.0417038
2457516.423884 0 -0.731707 0.0399368
2457516.423923 0 -0.598651 0.0388847
2457516.423962 0 -0.512655 0.0424921
2457516.424000 0 -0.467597 0.0426688
2457516.424039 0 -0.408536 0.044842
2457516.424078 0 -0.254304 0.0520924
2457516.424117 0 -0.30971 0.0504474
2457516.424155 0 -0.138001 0.0542238
2457516.424194 0 -0.0657978 0.0506261
2457516.424233 0 -0.114532 0.0577852
2457516.424272 0 -0.153903 0.053202
2457516.424311 0 -0.212906 0.057413
2457516.424349 0 -0.150097 0.0587317
2457516.424388 0 -0.166532 0.0548727
2457516.424427 0 -0.00218664 0.0529742
2457516.424466 0 -0.157118 0.0572092
2457516.424504 0 -0.243819 0.055096
